signal_id,symbol,signal_date,status,atr_signal,ema,ema_lag,atr,natr,natr_prev,natr_median_ref,hh_prev,range_prev,volume,vol_prev_avg,traded_value_median_60
b9c8e8b74577e67c,RELIANCE.NS,2021-05-28,ACCEPTED,19.547440237923716,915.9296427383435,914.3800096960422,19.547440237923716,0.020219749372800456,0.018065447007124792,0.021380810837538636,943.5364379882812,0.07266526238834312,56469931.0,14801089.35,16056155100.252686
f88857979bb7f448,RELIANCE.NS,2021-08-16,ACCEPTED,18.30776193730272,969.0703681481434,966.1301680560188,18.30776193730272,0.018251731216782058,0.01722741039757624,0.017411886779859775,994.4398193359375,0.0687166716867944,21935444.0,11318199.75,12131444057.652588
853193efac891cc3,TCS.NS,2021-01-04,ACCEPTED,60.756183381978396,2763.628590750107,2725.458546241511,60.756183381978396,0.019989203427598322,0.01912632426423494,0.019783247465015318,2952.0,0.09373842163764357,5113293.0,2827349.55,8385995131.334473
b7542e8bce5375a5,TCS.NS,2021-04-05,ACCEPTED,82.07491448574274,3074.8871889580905,3055.1072520680736,82.07491448574274,0.02534036770520486,0.025204734543696643,0.025350457213746798,3215.0,0.07631273244360401,5317862.0,3477605.65,10919688530.229736
d511ee13aff37191,TCS.NS,2021-05-27,ACCEPTED,55.35822525657047,3108.864816347596,3105.266429613442,55.35822525657047,0.01740824693602845,0.017431963896980956,0.02080154654566954,3165.0,0.05359520639147803,5959785.0,2024768.8,8851879926.424316
9f10231c1d36cdb2,TCS.NS,2021-06-11,SUPPRESSED_OPEN_POSITION,51.46235136071707,3134.6414226567317,3116.5288828402067,51.46235136071707,0.01571945463778043,0.014885144089717951,0.017480668233613817,3231.0,0.06422924901185771,3452954.0,2164094.6,7512146605.204102
ed54450a42472fb2,TCS.NS,2021-08-13,ACCEPTED,52.78611440878148,3250.007677788102,3224.408230710231,52.78611440878148,0.015241126031406333,0.014016916575679541,0.015407025656987584,3368.0,0.0752139270212489,4363584.0,2063432.95,5919029452.096802
8cda193ef72a49a1,HDFCBANK.NS,2021-07-06,ACCEPTED,12.3542122594744,741.1791373596127,739.2571525343296,12.3542122594744,0.01609984055846343,0.01550178640734121,0.018328000241205962,761.5,0.04673539518900344,17669032.0,10396062.3,10151485879.686768
8ff564787f3c4ff5,INFY.NS,2021-05-27,ACCEPTED,23.89704190540448,1348.2006894057804,1342.5112777703469,23.89704190540448,0.017041926835731486,0.01706696053222884,0.020755098228151393,1400.0,0.06764275746892853,15365391.0,5261276.9,8746394460.781372
1a929356fd11dcc6,INFY.NS,2021-09-24,ACCEPTED,29.460959466662043,1664.487888699354,1650.5725457306555,29.460959466662043,0.016702644711535253,0.016200990638280403,0.016305806806030776,1746.0,0.0501307998448507,8280446.0,5509211.55,8830899638.55664
d2f302cf34f9d540,INFY.NS,2021-12-17,ACCEPTED,39.52480787246025,1730.4964148431607,1722.615553573959,39.52480787246025,0.02170678990713742,0.02096962730151711,0.021161850396269506,1789.449951171875,0.07207256687429431,18887243.0,5170915.1,8742292475.114685
ad47ca2ef1c00e05,ICICIBANK.NS,2021-07-13,ACCEPTED,12.576337039843764,632.3599344342942,628.597399505831,12.576337039843764,0.018913206720760446,0.018564944856048232,0.02150566721984218,655.0,0.06288032454361055,19825411.0,10983963.3,8867535177.544586
c7df487acd042fd4,ICICIBANK.NS,2021-08-31,ACCEPTED,13.418743465519936,676.3627424842192,670.0152869070778,13.418743465519936,0.018661767183540384,0.019112186389932003,0.020016249184596976,717.4000244140625,0.06462870135189457,19760246.0,11664334.8,7485046403.230469
e089d0b696dafbec,HUL.NS,2021-03-19,ACCEPTED,47.772425685141016,2235.5204023268216,2233.842125937469,47.772425685141016,0.020662366590790165,0.01858015846410882,0.019594855841686222,2262.0,0.0669811320754717,5382214.0,2298876.0,4935962639.040283
8807dbe4eb9e0ac7,HUL.NS,2021-06-16,ACCEPTED,36.14065414960266,2357.499866530796,2351.934618597125,36.14065414960266,0.015009201219047705,0.015139529620730759,0.017686678131412125,2399.949951171875,0.03475105099358341,2153668.0,1298458.3,4007307498.7214355
1c5caafc0bf83b35,HUL.NS,2021-06-18,SUPPRESSED_OPEN_POSITION,40.33198912086276,2364.685722719857,2353.5180407677253,40.33198912086276,0.016243904590270072,0.015047610604863157,0.016742510190249655,2425.89990234375,0.045939509000892415,3937751.0,1374939.3,3890720525.7612305
8c08d2a1ce6a6e27,HUL.NS,2021-06-21,ACCEPTED,41.87970418365827,2370.5549138938336,2353.952631233942,41.87970418365827,0.016656274010010148,0.016243904590270072,0.016516438413742514,2496.699951171875,0.07646532263276709,2506277.0,1533252.25,3890720525.7612305
d4b302e28a9408db,HUL.NS,2021-08-20,ACCEPTED,46.71915866552688,2410.488581236674,2393.331356270158,46.71915866552688,0.01783582515358734,0.015473053840293873,0.016429212313774866,2508.0,0.08196721311475409,5779927.0,1436436.05,2726409365.164795
dec722abf7674182,SBIN.NS,2021-07-29,ACCEPTED,9.231793128005267,416.95959159969544,414.0575815720423,9.231793128005267,0.020907696485621494,0.02009312079699143,0.021929031198069403,436.5,0.04638620732742315,35263606.0,15646566.85,11875154067.82396
e01b9fe677529270,BHARTIARTL.NS,2021-05-03,ACCEPTED,14.227221053231597,528.2368897757401,527.1084849308259,14.227221053231597,0.025936005909584288,0.024287301705947034,0.02647079567582475,539.8640747070312,0.06889521220090795,14556346.0,9411092.75,7904168962.9965515
6115123c98ea6c7a,BHARTIARTL.NS,2021-11-10,ACCEPTED,20.672224135184273,679.1694113437852,671.8433295106671,20.672224135184273,0.028108265404943638,0.02790900265861323,0.028353283538972786,732.5,0.08518518518518518,15180490.0,9937364.95,7893042366.818359
b07902ffe7b16373,KOTAKBANK.NS,2021-10-21,ACCEPTED,9.97919269861818,383.68108779530434,377.99171610597097,9.97919269861818,0.023275085011354356,0.021334936678437243,0.021690736658478316,415.55999755859375,0.07602274578858226,47477590.0,12333263.0,5674982698.199844
a71411a509cb0515,ITC.NS,2021-01-15,ACCEPTED,5.233565813653741,193.82228956723822,191.80526421088894,5.233565813653741,0.02494893777961232,0.024710129926613974,0.025008578125079395,208.4711456298828,0.09954291559410712,60567280.0,33783543.95,5385677530.83461
149048f0712cc51a,ITC.NS,2021-03-19,ACCEPTED,5.32344278495154,203.12459988175792,202.63156981547584,5.32344278495154,0.024796881568660386,0.02360830211511081,0.026622746695317737,212.41909790039062,0.09424597778415689,139352860.0,35012659.2,6654050055.537071
51b570bf6fba06b7,ITC.NS,2021-09-16,ACCEPTED,4.039264816863308,202.44420829729523,200.73901100851214,4.039264816863308,0.01817910775298035,0.014628772533486593,0.01613949388216384,209.19334411621094,0.06312703402206267,154986538.0,16374601.5,3317108220.2370605
34be09b4f3ee3ab3,ASIANPAINT.NS,2021-05-14,ACCEPTED,78.33187946035981,2540.3440108150457,2526.528140084756,78.33187946035981,0.0282327912994629,0.024603717032930683,0.02653186973296916,2693.5,0.08259646302250803,10543708.0,1413088.15,3975457624.541992
d641661f83c3ec95,ASIANPAINT.NS,2021-06-15,ACCEPTED,59.725774047969715,2763.4693062339074,2717.714519216026,59.725774047969715,0.019632428836560516,0.019193890885025315,0.022877515867384686,2990.0,0.07612020874572611,2262031.0,1357637.5,3782775006.055908
d8553f7e975b906e,ASIANPAINT.NS,2021-07-20,SUPPRESSED_OPEN_POSITION,58.0299507181406,2924.2555176018705,2901.785515956914,58.0299507181406,0.018369430626674392,0.01579940253115246,0.0186979135911541,3092.85009765625,0.043119763121838114,6755922.0,874227.85,3073633811.8635254
e3cf42a5fae9d21e,AXISBANK.NS,2021-07-13,REJECTED_CASH,14.670110137395978,738.2787396124902,733.9273701980685,14.670110137395978,0.01903355191358544,0.018983905309350648,0.021854550436158273,769.5999755859375,0.06814708617062804,9810976.0,6353197.1,6732173803.696899
b7340b438d05dbe6,AXISBANK.NS,2021-08-30,ACCEPTED,17.061433570891687,746.5588865910372,744.8310288327035,17.061433570891687,0.021760645158503365,0.02062733487299969,0.02062744577422566,769.0,0.08746372544805578,12517507.0,6339774.8,4814460264.126099
90ad0b1f50a0f827,AXISBANK.NS,2021-10-25,ACCEPTED,19.971584115594656,785.9149705203605,779.2510840178295,19.971584115594656,0.02363221475867119,0.02160685704970956,0.021831169786357765,827.0,0.09681697612732096,29193770.0,7267937.25,4945940903.837433
6bcb4094544a25f1,LT.NS,2021-05-24,ACCEPTED,36.29493026084595,1390.699913217368,1384.4544187095246,36.29493026084595,0.025148054918306566,0.02496000780096657,0.026764018224113114,1441.0,0.09627604970071436,5035538.0,3023798.9,4068879240.6832275
e4ae514c5257564d,LT.NS,2021-07-14,ACCEPTED,27.002469212424394,1478.093273399514,1470.4306256728473,27.002469212424394,0.017480721218343518,0.017082785309687626,0.01963212062611769,1529.800048828125,0.057039246037744,4010254.0,1902256.0,3149531105.4658203
6211789603fe9b70,LT.NS,2021-07-15,SUPPRESSED_OPEN_POSITION,30.80943918497444,1483.2405950538835,1471.6176580453582,30.80943918497444,0.019144026875669004,0.017480721218343518,0.019563224611317313,1549.9000244140625,0.07092763822011573,9066480.0,2027529.15,3149531105.4658203
58a772efa8a892e9,LT.NS,2021-09-23,ACCEPTED,34.323775989867165,1638.400998559293,1619.150444532461,34.323775989867165,0.01939525170192741,0.018723068934920553,0.021401455733511404,1741.699951171875,0.09886432250591483,3702946.0,2338336.0,3043996215.8338623
5c48f491f1c36637,LT.NS,2021-10-19,SUPPRESSED_OPEN_POSITION,41.275821737037305,1689.553822112841,1669.2718232019054,41.275821737037305,0.022358993876270716,0.020701702102642647,0.020733670121949366,1817.9000244140625,0.07948099623231465,6639827.0,2036993.1,3041611449.626343
17f591a9ee2f6296,MARUTI.NS,2021-01-08,ACCEPTED,186.29964941010533,7391.115137942505,7318.753860160764,186.29964941010533,0.02324416420417513,0.021495261992786487,0.02379574965543792,7899.0,0.09630676783650362,2557157.0,832993.65,7216533862.829346
da102fba80e2c1ce,MARUTI.NS,2021-09-27,ACCEPTED,149.16798535277783,6968.252213684292,6967.154498048846,149.16798535277783,0.02014844179639699,0.017621321209668035,0.019620954868447595,7064.75,0.07041666666666667,2646138.0,833834.85,3671383064.120117
aec91370c84e0fb3,MARUTI.NS,2021-11-16,ACCEPTED,210.39796007988375,7392.356626118135,7344.409446503062,210.39796007988375,0.026135255923980034,0.023784235937143846,0.02543913909149085,7910.0,0.09705691738524186,2619355.0,609068.4,4940430560.392578
cd8df2c431e02d34,HCLTECH.NS,2021-07-15,ACCEPTED,19.074143793472917,970.6539492483216,965.9722562315052,19.074143793472917,0.018344932717935,0.015858695607817348,0.016143029141283155,1010.0,0.05175467337165695,12701032.0,2994500.15,3867801133.4123535
db4c70348174e66e,HCLTECH.NS,2021-08-05,SUPPRESSED_OPEN_POSITION,23.151717451501376,988.947941007134,977.4664667551172,23.151717451501376,0.021817572368511333,0.021067877439822084,0.021687056486870714,1052.5,0.09601167695412766,7896314.0,4861943.9,3627504236.0999146
f702a5e1b4703fb6,HCLTECH.NS,2021-12-21,ACCEPTED,27.205900631265738,1168.5766214843882,1168.2845296484331,27.205900631265738,0.022577510897315967,0.02160880415563973,0.02393957857218442,1189.699951171875,0.09146784511181193,6217986.0,3026004.4,4209975112.133972
89097fc65c394c42,ULTRACEMCO.NS,2021-03-04,ACCEPTED,212.5108281143279,5908.719091718678,5789.414423878416,212.5108281143279,0.031364366618234794,0.030052147336750316,0.030763253197182303,6589.0,0.09061419884145389,1303144.0,645415.0,3598433788.226074
a5b10040faf00191,ULTRACEMCO.NS,2021-07-12,ACCEPTED,143.3442461354609,6706.633228407218,6652.055908929462,143.3442461354609,0.020207118397950436,0.019972530047756235,0.02116152164718923,7000.0,0.07325745766450013,610763.0,314818.95,2454618341.6140137
b3047affc38181ef,POWERGRID.NS,2021-01-08,ACCEPTED,2.6410822295057064,105.85848507858775,105.01622000017056,2.6410822295057064,0.023066844365454548,0.02294754637242622,0.02389285282497732,113.51252746582031,0.09406342301380537,29487917.0,19226263.25,1758599557.5399857
f1107ba9fd2ab807,POWERGRID.NS,2021-06-09,ACCEPTED,3.6770176089930686,125.39890345518926,124.10909310381639,3.6770176089930686,0.027000901649752117,0.02623267895938287,0.027596577104188672,134.91566467285156,0.0982143494810864,39865778.0,21584419.5,2265073287.6491356
3bd624daae9d4663,POWERGRID.NS,2021-09-28,ACCEPTED,2.838820561135359,131.8841094720723,131.47322465615306,2.838820561135359,0.02057675590632172,0.017522427042038,0.019048796456286828,136.2375030517578,0.06727380668411456,38873626.0,13741196.2,1576269800.1761017
3bd624add75a1278,POWERGRID.NS,2021-11-23,ACCEPTED,3.950231297590803,140.30775896485906,139.2087563541758,3.950231297590803,0.026093510872574544,0.025543711316937324,0.027425218555599755,147.75,0.09262335611873747,19671538.0,12305212.45,1598672957.526596
eac61890065431c7,NTPC.NS,2021-09-15,ACCEPTED,2.601219838772177,116.11909563025056,115.94270169054116,2.601219838772177,0.02094379953854735,0.018229959801520576,0.021293779721604483,119.5,0.06744085089388974,48721413.0,8722545.35,1240680823.2708893
d4bdaebe36bb0542,M&M.NS,2021-09-27,ACCEPTED,17.64583696688782,768.173000369545,767.8947910928663,17.64583696688782,0.021748736670811408,0.02099525073515298,0.021844337671935436,802.5,0.09999316486553483,9210666.0,3414781.55,2035462576.4441528
5efc77f1ac5ef488,TECHM.NS,2021-05-27,ACCEPTED,22.55679001275837,981.9100516073305,978.4102942229059,22.55679001275837,0.022118837304141704,0.02218809349487379,0.02601773153977863,1012.0,0.07499466088274183,6393813.0,2580524.55,3442938463.976074
38608282817d5111,TECHM.NS,2021-07-15,ACCEPTED,24.27279662647889,1045.713049610548,1040.102407365471,24.27279662647889,0.02181922575564814,0.021148976570941974,0.02191352681987544,1109.4000244140625,0.07698286642810359,5922995.0,2735422.15,2745454290.529846
4e6197fd11c5c775,BAJAJFINSV.NS,2021-07-09,ACCEPTED,32.03289891866672,1164.7158137154997,1149.5455877098955,32.03289891866672,0.02491911513412828,0.024363785595192516,0.025626798918286897,1252.0,0.07458589497468647,7919220.0,2839268.5,3649532771.859131
38bffc72092a4ed3,ADANIPORTS.NS,2021-10-14,ACCEPTED,20.65271042158606,737.9852519930032,733.4271180663593,20.65271042158606,0.025409338990844802,0.023354406982383058,0.02529494834844801,786.0,0.08886891540308063,19754735.0,4419995.45,4143116917.8484497
3d99962a4c932ca3,GRASIM.NS,2021-07-13,REJECTED_CASH,34.17480484903603,1455.243414252467,1442.6164059595117,34.17480484903603,0.02176176736108825,0.021750166484838927,0.024590695648464875,1540.8731689453125,0.08939829603528168,2184726.0,1144201.25,1760589755.9006958
79924bae78b50a5f,GRASIM.NS,2021-09-08,ACCEPTED,37.6156629274774,1494.8181792912037,1487.0539973669136,37.6156629274774,0.023952070808061866,0.023380182422694573,0.025977640912561037,1560.7939453125,0.0957658661431865,4094362.0,1128785.6,1493031463.0480957
5f388c7d36dfcacd,JSWSTEEL.NS,2021-07-22,ACCEPTED,19.43964975098501,677.9850418498352,673.1003409657218,19.43964975098501,0.0271295095696822,0.026117202901855697,0.029468866410372628,712.3499755859375,0.07257389053685387,9472817.0,6278389.3,6305751465.614258
e2c0441b96a27e0f,JSWSTEEL.NS,2021-07-29,SUPPRESSED_OPEN_POSITION,20.93458327750875,685.8220543175007,677.9850418498352,20.93458327750875,0.02797245135567554,0.027358927976102315,0.028180739092058205,729.5,0.09790049905620332,18513875.0,7071447.6,6020541002.246063
4d2c3e1aac9447b1,HINDALCO.NS,2021-07-27,ACCEPTED,10.887040244392301,384.03936927118167,381.00656254551006,10.887040244392301,0.026086114975860285,0.02552922097405088,0.028005866996767464,406.0,0.09448709162841858,28240273.0,8252170.05,4829822335.737122
f927e8c0105a46f1,DRREDDY.NS,2021-06-11,ACCEPTED,21.23247691280656,1022.4937616781735,1014.352833298532,21.23247691280656,0.019468620381546557,0.01867711937638871,0.02084355648884892,1079.6800537109375,0.049251752877490285,7277420.0,4072982.0,4159533826.9281006
967aa858a73b779d,DRREDDY.NS,2021-12-29,ACCEPTED,19.339728412994912,939.25888777017,937.6534632914429,19.339728412994912,0.02000737439899719,0.020260145233507422,0.022070898578697543,954.719970703125,0.07482039065907743,2528020.0,1582741.75,1515142298.0560303
f6c82f0638143b50,DRREDDY.NS,2021-12-30,SUPPRESSED_OPEN_POSITION,19.428320461341258,940.893441286689,937.7047008867846,19.428320461341258,0.01980581932940568,0.02000737439899719,0.021945695984288822,969.6300048828125,0.09160605478418157,2765730.0,1602787.5,1515142298.0560303
9c7d7bc545109ca5,CIPLA.NS,2021-09-29,ACCEPTED,20.840196618233417,943.381646045639,937.0985147536477,20.840196618233417,0.02110186019989424,0.019956648741925872,0.02002256314755432,983.4000244140625,0.06891307001528532,4052980.0,2254220.5,1877514224.0267944
c870b6067dd07c74,INDUSINDBK.NS,2021-09-15,ACCEPTED,24.348724092097154,1007.0032583025026,1004.4866568756648,24.348724092097154,0.02310235326167441,0.022735729567468346,0.02319081085488737,1039.0,0.07768906369750872,6071710.0,3394718.45,3103697092.891693
7ffb7b8dbf330faa,DIVISLAB.NS,2021-06-10,ACCEPTED,87.27537423356829,3994.520902909715,3932.043044980994,87.27537423356829,0.019959835366542094,0.019184675875998095,0.02245908930492766,4315.0,0.08845079110219264,1275478.0,597340.75,2315881248.2666016
34361f652fd4a423,DIVISLAB.NS,2021-08-30,ACCEPTED,105.34857005562567,4713.76664963995,4667.958844929456,105.34857005562567,0.020639382878116407,0.019606008402340863,0.020243350034903004,5045.2001953125,0.06058444299190666,866739.0,414442.5,1757691006.855957
0f744c3d04019b89,HEROMOTOCO.NS,2021-09-14,ACCEPTED,46.66450029896456,2805.4413393038735,2804.947102522857,46.66450029896456,0.01636374832485034,0.01605031082529884,0.016822318974238044,2830.0,0.07359635811836115,880592.0,573384.45,1379904960.2508545
eeba230c5b31df24,HEROMOTOCO.NS,2021-09-16,SUPPRESSED_OPEN_POSITION,46.09133606573666,2812.5684509505986,2804.4172253434517,46.09133606573666,0.015782542667785438,0.015899371258217537,0.016822318974238044,2885.0,0.09446130500758726,1118060.0,577474.65,1379904960.2508545
5bbe85fc816ddab3,RELIANCE.NS,2022-11-28,ACCEPTED,26.092659683717365,1172.6510494822512,1165.7928890158407,26.092659683717365,0.020881913601088046,0.016823795033916313,0.018976113450137083,1219.2825927734375,0.07422393958925226,31527484.0,9376453.35,10838420865.068604
c3308d10f6b5b888,TCS.NS,2022-11-01,ACCEPTED,54.11069210441674,3146.181840271204,3136.7018858645074,54.11069210441674,0.01659989965793132,0.016576337452973558,0.020435653513324423,3199.0,0.08436998545964326,2991060.0,1968833.15,6071474157.661377
c5a3628ae8efd57f,TCS.NS,2022-11-11,SUPPRESSED_OPEN_POSITION,58.622911680567604,3167.924172713551,3152.155976049983,58.622911680567604,0.01767907011378442,0.016431819037688367,0.0183489812629583,3270.0,0.07130568099343279,3265394.0,1630911.9,6000460202.93103
8d8289f64133e7d8,HDFCBANK.NS,2022-07-07,ACCEPTED,13.240638130535975,680.5394900774035,679.9262333945765,13.240638130535975,0.018972113006662305,0.01929670388640389,0.02160013384830435,691.0250244140625,0.08685913444697377,17743142.0,11500799.5,10290075039.849731
2767fedbc2c1f511,HDFCBANK.NS,2022-07-29,ACCEPTED,11.605261033199076,686.2546870587925,682.109052659278,11.605261033199076,0.016183602605364052,0.01637692429140026,0.018321696005673863,712.0,0.07063640293434975,20019736.0,13197609.2,8656931324.239563
65bd83eaa5d29747,HDFCBANK.NS,2022-09-14,ACCEPTED,12.181513239741095,724.7068516144208,718.3397724428785,12.181513239741095,0.0159376090605308,0.014973453716361343,0.015692237107215568,757.9500122070312,0.06110881304776661,20219760.0,11764615.1,8774393213.549866
68bd6c8631d2b377,HDFCBANK.NS,2022-11-01,ACCEPTED,13.818947912772655,724.7390327581832,721.7876673514145,13.818947912772655,0.01826393248012246,0.018226277518177104,0.020332242366707845,749.0,0.09743589743589744,19073756.0,12232065.7,9042760763.744873
9838d07a4f735ccf,ICICIBANK.NS,2022-11-30,ACCEPTED,15.430812042272766,902.1445372963951,893.4074343535672,15.430812042272766,0.016193526757186476,0.016154971979832827,0.01950868779048284,949.9000244140625,0.06580647900596073,20858573.0,11157136.7,9782157967.548584
3358c6a5a8f15117,HUL.NS,2022-09-22,REJECTED_CASH,54.486649283552346,2555.3353542158975,2544.4577714165557,54.486649283552346,0.020234574053867735,0.019984669140074584,0.020324264662189666,2667.0,0.0633759088045885,2620240.0,1451011.75,3768515008.6760254
3d7d7868881cb471,HUL.NS,2022-11-29,ACCEPTED,48.352268742257884,2545.89613821705,2544.4274351987856,48.352268742257884,0.018355580304656616,0.01712527791438144,0.020242036507238194,2575.85009765625,0.060850044914794614,2542932.0,1179555.4,3304938174.746338
18a4290cd47e910a,HUL.NS,2022-11-30,SUPPRESSED_OPEN_POSITION,50.25567811781089,2551.3257052538816,2542.9734219618235,50.25567811781089,0.018721730135607104,0.018355580304656616,0.020157984305787295,2639.949951171875,0.08724922573007406,3698270.0,1240479.85,3304938174.746338
0cb10b78179f0a05,SBIN.NS,2022-09-09,ACCEPTED,11.018279958030972,515.5051367615155,509.68215941114005,11.018279958030972,0.019911955261882518,0.02004193765446117,0.021225683196671986,546.2999877929688,0.0748647079054968,18587927.0,11622011.5,5617683820.26181
fe8a34584e768301,BHARTIARTL.NS,2022-08-18,ACCEPTED,15.021704201947145,690.0390271622736,684.1935074562633,15.021704201947145,0.02048786681921865,0.02077001600762894,0.022417006282339655,724.6500244140625,0.09282167258977396,10354897.0,6260869.8,4052380013.6243286
a08bbd1ef3549b49,BHARTIARTL.NS,2022-10-27,ACCEPTED,15.650156432243303,765.8021526256831,757.6098851666048,15.650156432243303,0.01915329445582307,0.019099144638799397,0.022729625602525207,816.75,0.08178807947019867,8159181.0,5120824.9,4685540121.841492
6ce0792065cc497f,BHARTIARTL.NS,2022-11-01,SUPPRESSED_OPEN_POSITION,15.918588512186338,772.8794963741072,762.1331956126302,15.918588512186338,0.019051629160134247,0.01871858494420731,0.022442596507432237,833.7999877929688,0.09732185902882569,10488759.0,5152140.7,4603250436.199738
b8c90d747622736d,KOTAKBANK.NS,2022-05-18,ACCEPTED,8.48128788292872,357.5022348006537,356.50917440852777,8.48128788292872,0.022962118852306375,0.023825137390391198,0.025601593431684756,368.9800109863281,0.09593685105503552,26608920.0,14259397.25,5026854997.53952
d42a42380d1f30ef,KOTAKBANK.NS,2022-05-25,ACCEPTED,9.217611326118568,359.90598549421566,357.5022348006537,9.217611326118568,0.02416086364753908,0.023957571608830202,0.02506788172255809,378.0,0.09628774182836057,31263010.0,15409525.5,5133056386.310043
9104b01eb2604bce,KOTAKBANK.NS,2022-08-18,ACCEPTED,8.023494112567361,360.20623277383424,357.688722064595,8.023494112567361,0.021064568761184788,0.02013892669305784,0.022433215126638005,378.6000061035156,0.09273531552402867,18306580.0,11593388.25,4328593528.056335
d23c61306b68af64,KOTAKBANK.NS,2022-11-16,ACCEPTED,7.140321213594848,374.84266669578875,372.66204120351046,7.140321213594848,0.01816043884888823,0.017841957436105074,0.020308812282662934,388.29998779296875,0.06661173139165358,32188255.0,11483623.25,4236859703.5687256
ec78fb6960e8cc5a,ITC.NS,2022-07-01,ACCEPTED,5.702552001278155,255.45268336131124,253.38548387117422,5.702552001278155,0.02082705863447153,0.019437612186474662,0.02263029135813608,265.572021484375,0.06671824807568738,36520000.0,12172216.9,4472573379.07206
9134b2aa8a192bc8,ITC.NS,2022-08-02,ACCEPTED,4.885488058177764,274.27060906458973,269.8114013093385,4.885488058177764,0.016369230827237326,0.015479926525944572,0.018223522830048425,297.3482360839844,0.0823694381347467,40483892.0,13376203.4,3797301199.0045166
3d6f5d788966064d,ITC.NS,2022-09-21,ACCEPTED,5.163504726161727,302.20129867877273,297.5319207349294,5.163504726161727,0.015727722581815467,0.014966378787802551,0.015067274315005832,327.0060119628906,0.09956291808259427,21800547.0,12345677.15,3429767636.6605377
1f23f7581e2fe599,ASIANPAINT.NS,2022-04-28,ACCEPTED,78.67112548552667,3114.510858339911,3103.3615388308795,78.67112548552667,0.02422364339942783,0.023986821521935278,0.02562732257930311,3222.0,0.08484848484848485,2001838.0,945755.3,3031615572.598633
c3f625b8873ce6a8,ASIANPAINT.NS,2022-12-07,ACCEPTED,53.98599092403966,3170.8196113682948,3170.0022693930264,53.98599092403966,0.01673205979359667,0.016612384366772644,0.019407523544667606,3199.949951171875,0.05487059540856272,1832282.0,962569.0,2829159712.1115723
4436b048b957a881,AXISBANK.NS,2022-09-12,ACCEPTED,16.615952171502325,731.8958358929365,722.2953927486208,16.615952171502325,0.020744010201625876,0.020824489990375943,0.0212323655071577,787.9500122070312,0.0912679530893612,15521649.0,7807284.25,5375752979.729553
4d1efb17bca79964,AXISBANK.NS,2022-12-08,ACCEPTED,15.752766053725779,854.4086671193016,841.3722582429294,15.752766053725779,0.016769858373498855,0.01600769587900896,0.018730268279042905,918.0,0.09155766944114149,17466047.0,8033944.35,7468041830.395386
0133a61dbea94d26,LT.NS,2022-12-01,ACCEPTED,36.63022290375256,1972.4215495331125,1950.3421722288429,36.63022290375256,0.017407733350957615,0.017709276326789373,0.020258438625448513,2095.800048828125,0.06374992425593304,2614357.0,1562981.6,3140443638.6989136
e988ace2b9603392,LT.NS,2022-12-07,SUPPRESSED_OPEN_POSITION,36.75802518163044,1990.9578069130905,1967.0407964528313,36.75802518163044,0.017306038221106608,0.017053236300741344,0.019333116161137517,2110.0,0.07095728976390032,3438327.0,1623990.3,3212867591.8601074
71370cbfd1ab22ac,LT.NS,2022-12-08,SUPPRESSED_OPEN_POSITION,38.061023382942544,1997.8888713938272,1972.4215495331125,38.061023382942544,0.017558252636563684,0.017306038221106608,0.018809298994413103,2144.0,0.08821442144729966,3743754.0,1730845.0,3264534181.1573486
366751d3eab4785e,MARUTI.NS,2022-06-23,ACCEPTED,217.94015166025952,7761.794692592664,7742.898177647324,217.94015166025952,0.02634991556767737,0.024868729103131267,0.026787214984806684,8100.0,0.07213765718067505,1676430.0,797866.6,4457180450.37085
d54b818646befb06,MARUTI.NS,2022-08-01,ACCEPTED,192.55821602602074,8336.24187065445,8245.732885915439,192.55821602602074,0.021387276770066393,0.020905184701845197,0.021070514552010706,8943.0,0.07487980769230769,1009408.0,607396.6,4867800200.186523
6342bb04f6996246,MARUTI.NS,2022-10-27,ACCEPTED,191.56874349989786,8797.719470615386,8785.606183292852,191.56874349989786,0.02118666209853825,0.0214155572860041,0.025925032009681218,9017.0,0.05957696827262045,849108.0,485063.75,4620459943.683105
212604e28cb529aa,MARUTI.NS,2022-10-28,SUPPRESSED_OPEN_POSITION,214.17097610704803,8824.967719010372,8782.53928946274,214.17097610704803,0.022562007101747165,0.02118666209853825,0.025623823224325545,9076.9501953125,0.06662164457256169,1873029.0,493204.9,4620459943.683105
5aaca6478c7d8eed,SUNPHARMA.NS,2022-07-14,ACCEPTED,17.54996793837879,854.7209312537692,853.1739760097173,17.54996793837879,0.019945411355188396,0.01993387173236028,0.02473284518428358,863.25,0.09285982190005318,4934156.0,2539177.75,2253681408.8135986
4de8550093a64c9b,SUNPHARMA.NS,2022-07-29,SUPPRESSED_OPEN_POSITION,21.94641337163844,865.4806124018654,858.9359904740186,21.94641337163844,0.023268037624687,0.02014087289131172,0.020219412839397304,897.0,0.09137361401038616,11315800.0,2438487.7,2237656733.51355
ab525afda6a13a6c,TATASTEEL.NS,2022-11-07,ACCEPTED,2.6609791609517814,102.46096034858117,102.27586322314323,2.6609791609517814,0.024938886945259836,0.025264336169784355,0.027066974371884142,105.0,0.07033640808566512,74426059.0,41395025.5,5538003408.407677
ef3ec8b14059da5c,TATASTEEL.NS,2022-12-01,SUPPRESSED_OPEN_POSITION,2.4009482258134156,104.45104814750597,103.83874422004016,2.4009482258134156,0.021678990752265603,0.021410749373536868,0.024427482352685898,110.0,0.1,91702642.0,42925916.3,4313949867.914379
3bdceef8e80fe107,ULTRACEMCO.NS,2022-12-01,REJECTED_CASH,142.67886791375304,6679.0626859362255,6604.189753093007,142.67886791375304,0.01961491172858854,0.018842772964207374,0.02120249537244078,7095.0,0.06371019823777904,1086727.0,348152.65,2515060950.227051
7b50f2ab9c0799cc,POWERGRID.NS,2022-01-20,ACCEPTED,3.8873105435047672,152.13391719763393,151.3092961622395,3.8873105435047672,0.024146660267505293,0.023252884682453033,0.026552129849445983,159.75,0.05943790787501733,30170343.0,15343304.05,1921091830.81855
b246568a225356a7,POWERGRID.NS,2022-04-01,ACCEPTED,4.433049729600749,156.79662693831767,155.51822235368977,4.433049729600749,0.026264086909856977,0.025936792082826985,0.029707483332085713,167.5500030517578,0.09482967487999859,39663961.0,17393672.1,2063009407.8639069
fb41eeb8ad84de4b,POWERGRID.NS,2022-09-14,ACCEPTED,3.438570809157728,167.1786908359078,166.61748531889486,3.438570809157728,0.019715161979937956,0.018887075398905582,0.020881077840396632,173.77499389648438,0.04510600075360205,25072958.0,10303820.9,1921108540.7563934
541175fe00e3e61e,POWERGRID.NS,2022-09-15,SUPPRESSED_OPEN_POSITION,3.5090302550577337,167.61089891874443,166.6834664064581,3.5090302550577337,0.01969152814338669,0.019715161979937956,0.020834307925117604,174.89999389648438,0.051871900866642354,23606369.0,10992556.5,1921108540.7563934
c3228a1c7279cea7,NTPC.NS,2022-04-01,ACCEPTED,3.0556486159009077,133.38598207004185,132.67029254284785,3.0556486159009077,0.021375646597650958,0.019560731438387765,0.026709047964013417,136.14999389648438,0.07289197997936275,32589741.0,12087982.75,1474836906.2558594
f7ad7ffd02ee01b6,NTPC.NS,2022-09-14,ACCEPTED,4.104183455051931,158.04903977205936,155.84399636772838,4.104183455051931,0.02381307403370155,0.022704056208270623,0.024576688272335376,170.14999389648438,0.09315772931956091,38751148.0,16701707.0,2219604444.817772
ead169adc370d321,NTPC.NS,2022-10-27,ACCEPTED,4.009914707294523,163.0908437428695,162.02932837419746,4.009914707294523,0.023497889544179657,0.023705483442553143,0.02473253018548595,169.6999969482422,0.09483868998865927,16225577.0,10608846.8,2224576076.340889
8ad195ea9d659876,M&M.NS,2022-01-12,ACCEPTED,21.057343456180035,845.4700450316599,845.0617611206583,21.057343456180035,0.023913853555274762,0.02303878273220805,0.026959043062555886,862.25,0.08186951066499373,9022415.0,2224941.0,2506036290.1110535
74f75e4bd375fac1,M&M.NS,2022-10-31,ACCEPTED,31.61053250238791,1253.5210923123116,1242.599512977391,31.61053250238791,0.023439517332523915,0.02320608934033641,0.027622882867302922,1315.9000244140625,0.09979107765487881,4306893.0,2447129.2,3858383612.8359375
4b8b48df02db1712,TECHM.NS,2022-12-01,ACCEPTED,23.518759711350167,1057.5216654310134,1052.0061988293805,23.518759711350167,0.02135157486277818,0.02130652701857206,0.025453404542171494,1098.699951171875,0.09296190119062422,4264917.0,2487009.05,2552268407.5511475
534d7488d0000fab,BAJAJFINSV.NS,2022-11-04,ACCEPTED,45.19815948564489,1664.5212159302764,1650.4258826898283,45.19815948564489,0.025100328045341725,0.02449506958680473,0.027872740581194873,1740.4000244140625,0.07365825071811381,6981242.0,1680110.4,4202934120.447632
3ead02b4e60cc926,ADANIENT.NS,2022-12-20,ACCEPTED,94.48049259374547,3797.474353589106,3737.957665071437,94.48049259374547,0.022682759230780947,0.022973802477461905,0.02545444226258116,4104.0,0.07715120468359374,3778426.0,1679642.9,6787753931.722168
51f2df968a3330d0,GRASIM.NS,2022-12-02,REJECTED_CASH,37.8427743642046,1703.5083679663744,1691.3552051784284,37.8427743642046,0.020879424545026466,0.02107773921719433,0.02293613123049738,1800.2418212890625,0.0784009056836004,1357654.0,744794.65,1083964359.4526367
5d54976e48478441,JSWSTEEL.NS,2022-01-05,ACCEPTED,18.256082267748152,664.1705423870625,663.4028189536908,18.256082267748152,0.02628665553311469,0.02580951890294129,0.030681224483836957,692.9500122070312,0.09904839366698057,6342812.0,3609670.35,2407679646.3346252
d8aea4871a7c4592,JSWSTEEL.NS,2022-11-29,ACCEPTED,16.179978106921673,683.4636440967932,674.422896811212,16.179978106921673,0.022087200022579776,0.021977829481901134,0.023181307281699103,731.4000244140625,0.09319189561122507,3306817.0,1979581.65,1321516172.9754639
0dc93cb2c79ccd1f,JSWSTEEL.NS,2022-11-30,SUPPRESSED_OPEN_POSITION,16.063554587007626,685.814090383745,676.2318023399084,16.063554587007626,0.021608224454483568,0.022087200022579776,0.022910546688202284,735.9000244140625,0.09835824539412313,3962572.0,2075906.05,1321516172.9754639
e4d75e9605d67eb2,JSWSTEEL.NS,2022-12-27,SUPPRESSED_OPEN_POSITION,16.242041641531266,716.9715198042862,711.5508539549007,16.242041641531266,0.021232814409231502,0.01999123865096363,0.02016527856375032,762.9000244140625,0.06871198501879064,4992699.0,1658146.0,1121366888.3746338
55cdc4d9dce51489,HINDALCO.NS,2022-11-02,ACCEPTED,12.521883311551274,404.27829465689126,402.5764690005586,12.521883311551274,0.029722012044549738,0.030155992473075186,0.03700263294254079,416.5,0.09865469083182254,11554760.0,7542178.55,3475198164.3691864
f01fab39d7285641,COALINDIA.NS,2022-02-09,ACCEPTED,4.5217016235964325,158.86881213407133,158.0966336802603,4.5217016235964325,0.026819107116877777,0.02592339654388712,0.02599571182066076,168.25,0.09040827396200928,35079516.0,9504877.6,1405525191.0730362
a53ef24bff6ee5c8,DRREDDY.NS,2022-07-11,ACCEPTED,22.01174631235669,856.3480861802934,850.7803822986845,22.01174631235669,0.02445206177945968,0.02308324987869884,0.024515833651935763,893.5,0.09873215511114723,4797040.0,1930738.75,1487191201.25
6c833a761a0388e7,CIPLA.NS,2022-05-31,ACCEPTED,23.609664433909963,971.027648140379,969.7001711622519,23.609664433909963,0.023777294066830948,0.02372355817034338,0.026229711816248197,992.0,0.09704174730439591,4874664.0,2040117.15,2103762536.5269775
7d8cbe7e6232f995,CIPLA.NS,2022-08-01,ACCEPTED,24.09736441913312,959.6529615859794,955.8906515829383,24.09736441913312,0.023988218318608385,0.022332650138824107,0.02428588356772917,989.5,0.06736423389175186,4647912.0,1278500.25,1407503231.2821655
28ed11fcec0b35ff,INDUSINDBK.NS,2022-05-02,ACCEPTED,29.038029730998115,953.916269118642,946.228253510287,29.038029730998115,0.02852178609893997,0.02727602714923383,0.028117669726622933,1009.5,0.09253246753246754,8962019.0,2622603.5,3191276763.300415
d364625d4631b0f6,INDUSINDBK.NS,2022-09-09,ACCEPTED,28.974847705165168,1020.517840390216,1000.5002388490345,28.974847705165168,0.025480233111805094,0.025291531161246106,0.02618778531760311,1121.0,0.08403445166394435,4751837.0,2939186.3,2883955735.0932617
c42ee4bb6956394c,INDUSINDBK.NS,2022-11-25,ACCEPTED,26.616379763149457,1145.3336375145188,1139.895590104336,26.616379763149457,0.022421346399246575,0.023189099829830813,0.026212683042945627,1186.949951171875,0.06262305386918084,4715695.0,2445384.75,3855647933.666443
98d1085129c53764,BRITANNIA.NS,2022-01-10,ACCEPTED,59.63934723343714,3630.8930515225984,3615.925175005878,59.63934723343714,0.015826591954105122,0.016153995233230214,0.019742302241927523,3742.0,0.09093026251824773,351447.0,220849.15,988699729.8405762
f46ee0ac54fa3de2,BRITANNIA.NS,2022-11-07,REJECTED_CASH,88.06060578823465,3763.032156989154,3744.1553165629507,88.06060578823465,0.02127453180847609,0.017127798891898794,0.018144204464500713,3820.699951171875,0.03542004096798781,3142443.0,223428.35,966241155.7910156
4ccd81a4fd607467,DIVISLAB.NS,2022-08-04,ACCEPTED,80.82603252075319,3785.46949195576,3774.881155237098,80.82603252075319,0.020787787135478446,0.020923947223321027,0.02213238545487082,3884.300048828125,0.07897223578559028,470197.0,292244.15,1423575021.3397217
23919085d8ebe3ad,EICHERMOT.NS,2022-06-23,ACCEPTED,82.99106529377319,2637.037653457771,2626.129840019795,82.99106529377319,0.02943937278739427,0.02887774825369448,0.029576904402147233,2818.64990234375,0.090365698575748,1338537.0,667223.85,1629263824.9799805
9c5a1ada4537931b,HEROMOTOCO.NS,2022-08-17,ACCEPTED,65.99530527605249,2743.9894300530996,2728.681340664399,65.99530527605249,0.022651944046441313,0.02192688137114934,0.022330714570668278,2908.0,0.0652014652014652,2510869.0,566745.0,1525706914.579956
40ba8e4629cb2a94,HEROMOTOCO.NS,2022-11-28,ACCEPTED,54.041149736274726,2678.2926987891624,2672.6427018105132,54.041149736274726,0.019414819377141988,0.018767453299157234,0.020518222270595216,2765.10009765625,0.07447207061365349,1223958.0,514969.35,1350660019.758545
a9d8d285a394045e,APOLLOHOSP.NS,2022-10-28,ACCEPTED,110.70820286615685,4331.11729065592,4306.2359351580235,110.70820286615685,0.02424090275151234,0.023968368995021222,0.02859024117426717,4499.0,0.07551813128276458,691801.0,374802.7,1967945045.6403809
b0a1db0765182df0,TATACONSUM.NS,2022-09-01,ACCEPTED,19.088102780840853,784.8566316800811,778.7896304401187,19.088102780840853,0.022767297501191112,0.021968982984973982,0.022038514605072734,826.0,0.08605616101179607,6228307.0,2608090.1,1014951050.651825
b2778924c0fa769d,TATACONSUM.NS,2022-11-30,ACCEPTED,15.758964144676273,781.522559333149,776.9007322748811,15.758964144676273,0.01926406011837083,0.019389668954666973,0.019635071962899937,811.9000244140625,0.07301922714240934,3390682.0,1541293.85,1047119064.8930054
51fce7e08e19f200,UPL.NS,2022-12-05,ACCEPTED,15.285406244216825,745.0761250920639,735.9293364998614,15.285406244216825,0.019040117683906496,0.018717493610757786,0.02128962291486636,793.5499877929688,0.09455170730064655,4114694.0,2181550.35,1411569054.8976135
04214c3b6b191f36,RELIANCE.NS,2023-06-16,ACCEPTED,14.882897974898766,1132.1526408513284,1123.374990471767,14.882897974898766,0.012512212494814387,0.012706319240342497,0.013500825177158922,1182.616455078125,0.06063617408763939,24171579.0,11102567.85,12499078340.791077
7246ec1cd3176f5a,RELIANCE.NS,2023-12-06,ACCEPTED,14.04869495354146,1184.546686710442,1178.9274959611305,14.04869495354146,0.011416597778302708,0.011215055103690696,0.012471428244427709,1225.0,0.06612125408206877,16422442.0,10931048.3,12562990160.473877
92ea8aaa7d31ce09,TCS.NS,2023-09-12,ACCEPTED,49.002620640416986,3397.1746316935055,3378.7569778617876,49.002620640416986,0.013684824612436511,0.012747104158234922,0.01394536905755078,3485.699951171875,0.04248352936967301,4476016.0,1541291.65,5596487757.089111
4d03fa17419730ae,HDFCBANK.NS,2023-04-05,ACCEPTED,13.563649719805337,800.8847801871761,800.0027326012255,13.563649719805337,0.016403506841790278,0.015968373481897002,0.017894395370623213,822.9749755859375,0.07434476597606766,43365392.0,28549871.1,13237569050.71167
3354eb8815db400a,HDFCBANK.NS,2023-05-04,ACCEPTED,12.123789544397246,821.0389112088794,815.0507455886024,12.123789544397246,0.014033787708965708,0.013271400255103531,0.015265787316414385,860.0,0.0801306038869781,56854638.0,34489572.2,20717317483.29724
289f2c8e3209b529,HDFCBANK.NS,2023-09-15,ACCEPTED,10.492290800324806,811.3234054573812,808.9614342576673,10.492290800324806,0.012628001565006536,0.012486558143439514,0.013347788698142429,825.7999877929688,0.05980489586229115,173411202.0,37731687.5,29950411972.479797
7cf39dce8928a85d,HDFCBANK.NS,2023-12-04,ACCEPTED,10.881080522174129,766.5673422542656,763.1999871123759,10.881080522174129,0.013521909229665416,0.01226843825190387,0.012982019741236176,786.2249755859375,0.07177175135846538,50662456.0,28538645.9,24106539481.756348
61c2f89fc8d1a59c,INFY.NS,2023-09-12,ACCEPTED,20.02366777638084,1404.4090575534403,1387.973443602433,20.02366777638084,0.013339329892777346,0.013169911633206154,0.014790533409605998,1482.9000244140625,0.08589634660603675,6793161.0,4515435.15,7836243887.042847
d78639f6b67efb05,ICICIBANK.NS,2023-04-03,ACCEPTED,16.769354575238037,858.323865389669,857.1010441937324,16.769354575238037,0.01897415117317956,0.01898598891232063,0.01914066513813672,881.0,0.0872516515761013,26416933.0,17117652.25,11857506136.125
bd40b674dd6f83b6,ICICIBANK.NS,2023-12-04,ACCEPTED,15.111337676591654,940.875456329047,939.1406430997488,15.111337676591654,0.01524549787176088,0.013277600895932896,0.014142452619289852,952.0,0.04294479922355363,33131257.0,12636017.9,11000458001.939636
99e2266e68b50730,HUL.NS,2023-11-30,ACCEPTED,29.22668145667825,2513.4211821615104,2511.1340027143174,29.22668145667825,0.011481479796530856,0.011296758344966561,0.01246094597751982,2534.5,0.02890429495413976,3095684.0,1210414.25,3199479854.3811035
9a476ed20b136227,HUL.NS,2023-12-04,SUPPRESSED_OPEN_POSITION,31.04672720108673,2518.799136401362,2511.6237316287175,31.04672720108673,0.011930494800193306,0.011699190777203251,0.0121981667623868,2581.949951171875,0.048167052324866295,2188039.0,1323101.15,3223144179.418213
1506945909271e99,SBIN.NS,2023-12-05,ACCEPTED,9.415457866968856,575.8862090663793,574.4235485391551,9.415457866968856,0.015479585477959483,0.014902980453836008,0.015108262245609596,596.0,0.07358366889932669,36430152.0,13931255.3,7171311167.673798
8ff7b70bb9615d1b,BAJFINANCE.NS,2023-06-16,ACCEPTED,10.148544747988543,667.9882501048752,657.8083733821711,10.148544747988543,0.014088939144821844,0.014342756959534849,0.016404453722551036,720.0,0.07270558239786865,14148580.0,6681241.5,5302687392.283936
87b072d8d65b7ffd,BAJFINANCE.NS,2023-06-19,SUPPRESSED_OPEN_POSITION,10.827936850252755,670.7581224582992,659.8460849958605,10.827936850252755,0.014659685524130474,0.014088939144821844,0.016217207619478084,721.8599853515625,0.07264015979652498,11845900.0,7092253.5,5302687392.283936
d0a7c6fea148afe7,BAJFINANCE.NS,2023-09-25,ACCEPTED,14.134195228003117,730.7626248034773,724.808186925747,14.134195228003117,0.01807476549137156,0.016475629276313568,0.017121978567707516,764.7000122070312,0.07689063300705037,23475330.0,7848791.5,5528145271.655273
947e93549fc3b455,BHARTIARTL.NS,2023-04-28,ACCEPTED,13.841512337881074,769.6046706364955,767.489290982103,13.841512337881074,0.01731704309930034,0.01743177514180315,0.017971050267460834,789.2000122070312,0.06814649561457205,6572656.0,4057966.55,3108917421.0503235
2e5ba38065232cd2,BHARTIARTL.NS,2023-05-25,SUPPRESSED_OPEN_POSITION,13.41618885179923,783.6228319358803,778.5335253060408,13.41618885179923,0.016307510213605134,0.015374691849980205,0.0170632161231023,808.9500122070312,0.05455616992964606,9570396.0,5217007.05,3215608714.875
69c3355a4e8996d9,BHARTIARTL.NS,2023-05-31,SUPPRESSED_OPEN_POSITION,17.54414593656725,790.0901838877711,782.0278449860374,17.54414593656725,0.020642599638307488,0.01643519791198342,0.01671127722743518,829.4000244140625,0.07206100722639186,47342125.0,5341642.05,3270186132.3026733
3c88ff96ca155f24,BHARTIARTL.NS,2023-09-15,ACCEPTED,15.928388567341155,874.1983342716175,866.1788157452429,15.928388567341155,0.01701478198145725,0.015494535243783419,0.016228101797418536,920.5999755859375,0.08683075243836191,14003428.0,4604597.8,3532312166.2834473
2b0636c7e7eea3b0,KOTAKBANK.NS,2023-04-11,ACCEPTED,6.378535738280303,348.56245453705316,347.1902447034494,6.378535738280303,0.01727196303579663,0.015163264406309695,0.017657126580061487,353.6000061035156,0.07575294484869428,46468815.0,23065610.0,6030308910.603256
f919abf138360569,KOTAKBANK.NS,2023-05-31,ACCEPTED,7.442567323941523,377.2042274940134,373.704413865503,7.442567323941523,0.018473868528671677,0.015989952889469493,0.017194583876603022,396.0,0.04455175358352741,442990630.0,20574212.25,7233808234.694138
f3ea869c4e0b8a06,KOTAKBANK.NS,2023-07-20,ACCEPTED,6.240075820934744,375.34051742294406,374.0619408636582,6.240075820934744,0.015943777768624524,0.014819177849417452,0.015401895764344743,383.0,0.0522555866794188,46527925.0,19365620.0,7614799665.720291
bf8d6eaf9afd0f1d,KOTAKBANK.NS,2023-12-04,ACCEPTED,5.016815263770487,351.98713910539004,351.75161517836574,5.016815263770487,0.013793449126046664,0.012116409903436626,0.013762690866445477,356.8500061035156,0.03368867632723663,22895865.0,14203964.5,5525262177.159882
40496415e79ae70b,ITC.NS,2023-01-27,ACCEPTED,5.261296632654089,323.55452959333263,322.8104366158899,5.261296632654089,0.015791690804305324,0.015168062041720071,0.016564471055843626,328.6429748535156,0.04693252085436674,21850457.0,9412079.6,2802319063.106964
bf44feba0338a2da,ITC.NS,2023-04-11,REJECTED_CASH,6.869559241487999,361.3103431853475,358.6439403233792,6.869559241487999,0.01801547183690054,0.017773731442696554,0.02047856808577625,379.0034484863281,0.06479104247911968,18939829.0,12163979.15,3859259335.7933044
cc767572c636c058,ITC.NS,2023-07-05,ACCEPTED,7.355610202203495,420.0027286063679,414.5693444876936,7.355610202203495,0.016078503613751648,0.014943305832665886,0.0149953776990818,450.64434814453125,0.07871388983347073,16878943.0,8217160.75,3878119840.26532
eefc4f6b9eda907f,ITC.NS,2023-12-04,REJECTED_CASH,5.722954278025637,424.48406178731705,424.05924931056836,5.722954278025637,0.013089664964908798,0.013101046847636482,0.013131647311252187,434.22662353515625,0.052023750488997836,13293194.0,8688700.45,3659601504.88501
25edd0a8c07ae34a,ASIANPAINT.NS,2023-05-31,ACCEPTED,51.04615470582006,2991.3638751778894,2956.9910165906667,51.04615470582006,0.015987145268933866,0.015454728773432793,0.017179254037795605,3179.75,0.09760096651708663,2349066.0,945471.4,2255169741.95874
3573b2fc36308258,ASIANPAINT.NS,2023-06-13,SUPPRESSED_OPEN_POSITION,51.54360972863829,3059.928688145499,3025.4704260228505,51.54360972863829,0.0157971123974291,0.01551489008291093,0.016169281416548824,3249.949951171875,0.06695664844775935,1598821.0,759253.05,2275157764.069336
dd2e8637587e1b59,ASIANPAINT.NS,2023-06-30,ACCEPTED,53.77426720769447,3156.0755036264613,3117.6108884823743,53.77426720769447,0.015994487418900267,0.014864013767271596,0.015295214143376496,3355.25,0.06477003759943163,1436363.0,843330.5,2443643875.4468994
4101c5ae2bee78ce,ASIANPAINT.NS,2023-12-06,REJECTED_CASH,48.513362424791126,3140.981623267125,3128.828101879934,48.513362424791126,0.014915485295074924,0.014697632377362995,0.015705931173619913,3247.64990234375,0.08840920155295638,1229158.0,774385.75,2612495914.119629
a570964c5a9d16a3,AXISBANK.NS,2023-11-30,ACCEPTED,18.783750307102178,1004.8673328254134,998.3629360270833,18.783750307102178,0.017485455254458625,0.017234311950585265,0.018398304937045473,1063.5,0.09865702479338843,24755589.0,6594471.25,7112104368.880798
4e7442a8aa3beabb,LT.NS,2023-01-17,ACCEPTED,42.40515604280227,2086.21470201202,2070.0985809521453,42.40515604280227,0.01916097518034128,0.018437929203509278,0.01862830632308888,2179.89990234375,0.06331388639798219,4645453.0,1565287.4,3315778192.545044
a92f4cf9395e5da1,LT.NS,2023-04-28,ACCEPTED,45.98367972111607,2208.237558992953,2190.7434843638257,45.98367972111607,0.019448351218224122,0.019363275675598923,0.021142980472537314,2330.0,0.09853842527109855,2884961.0,1871264.9,4276429733.879883
79fa59feac222081,LT.NS,2023-07-21,ACCEPTED,40.64000540827971,2384.81636684877,2358.2602746507027,40.64000540827971,0.015713873526642712,0.014325483638162015,0.015117620851153528,2504.0,0.05745478225196237,4610417.0,1340843.9,3835134043.0753174
d4269b1a0004b95a,LT.NS,2023-09-07,ACCEPTED,47.50076076064164,2604.7591075098967,2573.2413996436667,47.50076076064164,0.016688013768384795,0.015186584040585857,0.016381519959538314,2766.800048828125,0.057948589552863014,4100519.0,1569698.95,3782295335.663452
9b5f12df1cd1d44d,MARUTI.NS,2023-05-05,ACCEPTED,133.18250436873657,8591.720134470032,8548.144427630243,133.18250436873657,0.014882971012954582,0.014566796452115373,0.016064711877129274,8850.0,0.05645156589707571,951591.0,483158.75,3175438429.95459
442e604f0304cfab,MARUTI.NS,2023-08-31,ACCEPTED,163.5080853925286,9549.609238926458,9513.077696616758,163.5080853925286,0.016344597911277004,0.01565891336340572,0.01706665317931426,9817.9501953125,0.06092399419601636,1581818.0,440271.8,3843757245.3671875
eb4d081c8f48555a,MARUTI.NS,2023-09-01,SUPPRESSED_OPEN_POSITION,183.728978288598,9580.261817792087,9512.78838284012,183.728978288598,0.01778380915074149,0.016344597911277004,0.01696960369162634,10065.0,0.08762010288880095,1193178.0,485721.95,3843757245.3671875
65f50bff2886d90d,HCLTECH.NS,2023-01-24,ACCEPTED,20.15105728877263,1066.114221588173,1054.3745208009195,20.15105728877263,0.017709766420125655,0.01781160386872655,0.018705171966725595,1125.8499755859375,0.09812238535570593,4861107.0,3083999.9,2558068301.4387817
8f8497ddd280a053,HCLTECH.NS,2023-06-20,ACCEPTED,20.871530067461528,1111.825525133981,1103.9810125937513,20.871530067461528,0.017859521354929242,0.017172628763156107,0.018473052622410793,1155.1500244140625,0.05204920256289845,3504867.0,1904607.0,2158597227.3499756
8c99ffc54484b4cd,HCLTECH.NS,2023-06-30,SUPPRESSED_OPEN_POSITION,18.85849244788835,1126.3006162918095,1116.056894868038,18.85849244788835,0.015874820676818113,0.015448302911635375,0.01777283265485489,1175.949951171875,0.06329400342739501,3036648.0,1748275.9,2029144058.4628906
3816ceaab5aa64bf,HCLTECH.NS,2023-09-04,ACCEPTED,22.503595881029042,1153.7182349227025,1146.783882481067,22.503595881029042,0.018258495643836952,0.017193866615224457,0.019175761074736508,1195.0,0.06222222222222222,4517935.0,2484718.55,2388267922.213745
eb42e86cd7b52e9b,HCLTECH.NS,2023-11-16,ACCEPTED,22.278444455440056,1248.057674942016,1242.044660954881,22.278444455440056,0.01699282531231628,0.016304588658631942,0.019264135585226886,1287.300048828125,0.062084894986602024,3936945.0,1798369.35,2734183469.0462646
a39202e51200073c,HCLTECH.NS,2023-11-30,SUPPRESSED_OPEN_POSITION,20.821472429133596,1271.323383467697,1259.143278789462,20.821472429133596,0.015527982735500377,0.015823481239685626,0.017023608713366382,1338.800048828125,0.07048336680388373,4104385.0,1845312.35,2734183469.0462646
b3f4c39f8d92745c,HCLTECH.NS,2023-12-08,SUPPRESSED_OPEN_POSITION,22.754092673590936,1285.1381799634198,1273.8871704364883,22.754092673590936,0.01668066350035459,0.01602220495009257,0.016369629445751405,1350.0,0.07943867080839309,4509751.0,2116273.35,2700950913.9151
c28a6e23a9b5140b,SUNPHARMA.NS,2023-06-28,ACCEPTED,15.919172307215021,983.4853803941962,979.6838495162549,15.919172307215021,0.015579538556855486,0.014767139596134914,0.016808759166689634,1017.7000122070312,0.059276619523321625,5296330.0,2707074.9,2184005473.25
015e3675a0579a12,SUNPHARMA.NS,2023-06-30,SUPPRESSED_OPEN_POSITION,17.27851801434475,986.1565409899507,980.1001686643613,17.27851801434475,0.016430694575394405,0.015579538556855486,0.01654294375170701,1025.550048828125,0.05184620392628205,4765060.0,2692109.85,2184005473.25
e62994945aff4822,TATASTEEL.NS,2023-06-07,ACCEPTED,1.8218173990831121,107.59027258315498,107.30764619872514,1.8218173990831121,0.016339169498503246,0.015988316946395537,0.017254582776938317,110.0,0.057184015124751776,45157197.0,28759411.6,3040320301.038521
c9a384e2afef2567,TATASTEEL.NS,2023-09-01,ACCEPTED,2.360846754579921,117.13766098397485,116.05690791992366,2.360846754579921,0.01858202831855231,0.017056931090572113,0.01909413394705469,123.5999984741211,0.07759373812272191,76460408.0,30445116.9,3623627549.3625107
2cef3a8846dc50e2,TATASTEEL.NS,2023-12-15,ACCEPTED,2.374575411597113,126.34511177486225,125.0666052523433,2.374575411597113,0.01740253180436369,0.016604927600442645,0.016783080085397112,133.39999389648438,0.08455279590637703,77377446.0,29379131.25,3504953491.248646
9f806f1f4ab47ba1,ULTRACEMCO.NS,2023-01-13,ACCEPTED,126.89658509442881,6951.716205122197,6923.037815993455,126.89658509442881,0.017505633517356196,0.017813624371873647,0.019830912340010404,7166.9501953125,0.044744926430393586,462134.0,307359.6,2051691630.3251953
bfa21e7867c714d7,ULTRACEMCO.NS,2023-03-29,ACCEPTED,131.91464401526227,7212.33827782931,7159.677660628307,131.91464401526227,0.017424250439555165,0.017111386752641376,0.0181825543218818,7511.89990234375,0.07451007042536834,445346.0,287651.1,2468732115.524414
c2d0e4ef5edbcc53,ULTRACEMCO.NS,2023-06-06,ACCEPTED,125.68382357284698,7630.344866121438,7567.259283793948,125.68382357284698,0.015498249175336334,0.014849545507971986,0.01594210567298284,7970.0,0.05074420869708519,635244.0,268446.55,1937477970.4204102
c20cd8e0f1e1792d,ULTRACEMCO.NS,2023-09-04,ACCEPTED,135.53406047861856,8183.985859096793,8152.1457541652235,135.53406047861856,0.015791817532430096,0.01457834158165088,0.015584828606255005,8360.0,0.04661572580277891,620108.0,266272.6,2040412225.1557617
910ad34bffa467bc,ULTRACEMCO.NS,2023-11-30,REJECTED_CASH,140.58451530649907,8515.739475303299,8467.690378582962,140.58451530649907,0.015614168610198582,0.01481410890186576,0.015052830978940508,8869.599609375,0.062087632078765824,1025481.0,205084.7,2063720914.9345703
169f9ea19b11a5e9,WIPRO.NS,2023-05-22,ACCEPTED,2.8426919673956705,190.49316834057987,189.8343271806627,2.8426919673956705,0.014366099645714064,0.01362294560773675,0.017370964303712558,196.0749969482422,0.07837206236311042,12197390.0,7811109.8,1198492141.7583008
e82caf2d237ecd46,WIPRO.NS,2023-05-23,SUPPRESSED_OPEN_POSITION,2.866428473421538,190.81990671735093,189.97709890312754,2.866428473421538,0.014416841531086366,0.014366099645714064,0.01706789561467631,198.3000030517578,0.07030095579196556,12725634.0,8155979.9,1219024040.2617798
b57647692b1f422c,WIPRO.NS,2023-07-14,ACCEPTED,2.881915346392038,195.0624232846554,194.53343409793678,2.881915346392038,0.014229924371038656,0.013176932420366888,0.013780003812115527,199.3000030517578,0.057014053704624326,31366784.0,11546287.2,1621064802.8370667
cf600dfa8895b939,WIPRO.NS,2023-09-04,ACCEPTED,3.631888812118028,203.41676294737283,202.4764967290942,3.631888812118028,0.01673295904654729,0.015000856444568876,0.016258541837782612,211.0749969482422,0.054584078865413894,27634648.0,8441475.1,1767191287.423294
228c7f41a60e007a,WIPRO.NS,2023-11-29,ACCEPTED,3.168669915227014,199.32674364897164,199.1306857850645,3.168669915227014,0.015599605736502223,0.01492964300642565,0.015817292746617657,202.5,0.07427055702917772,15544086.0,7117298.6,1636778468.2345276
0ef4b1a60b714b06,WIPRO.NS,2023-11-30,SUPPRESSED_OPEN_POSITION,3.3155510715333434,199.60902797240354,199.1696784993757,3.3155510715333434,0.016053994284077708,0.015599605736502223,0.015744658639315522,204.27499389648438,0.08368697027312666,19825958.0,7660065.7,1652102232.765686
0b5a4db0d600e1a0,POWERGRID.NS,2023-04-17,ACCEPTED,3.376186637515817,167.43629972596878,166.11030624973174,3.376186637515817,0.0190221090469185,0.018073642624440545,0.01959582435184256,175.5,0.06995888755074402,21815047.0,12096533.55,1723369918.2470398
4e1dc7b7ebfe54f6,POWERGRID.NS,2023-06-21,ACCEPTED,3.575036034631417,178.46217154689964,176.6600429210104,3.575036034631417,0.018461327897291095,0.017451564852498064,0.017716654987754987,187.27499389648438,0.0856521385303442,31172093.0,12943429.8,1779338098.2481232
61a20849ccf37bc0,POWERGRID.NS,2023-12-05,ACCEPTED,4.294598979119179,204.8415279420345,202.96954236025664,4.294598979119179,0.019318933514001227,0.017496256873100094,0.017964235819360096,215.10000610351562,0.05908419320225851,40709207.0,16221452.0,2634900623.6913986
df44f40ed47ce6da,NTPC.NS,2023-03-08,ACCEPTED,3.378685721187876,169.395578132813,168.28409924245796,3.378685721187876,0.018891169169054124,0.018970415243551,0.019493961362371436,177.5,0.081657485667804,22099710.0,11482932.3,1531485165.3429337
72b4aef305c09849,NTPC.NS,2023-03-09,SUPPRESSED_OPEN_POSITION,3.4373508088346125,169.7898690667514,168.43962476236157,3.4373508088346125,0.0191549226374522,0.018891169169054124,0.019334108417741504,179.14999389648438,0.0917122927068942,18874546.0,12152929.9,1549037275.7487488
6ac4a00b0c7a5444,NTPC.NS,2023-06-08,ACCEPTED,3.2071919176875903,174.6647731130477,174.18361606703218,3.2071919176875903,0.017617093457426465,0.016438891172722726,0.01740208053386394,180.0,0.04742504281073544,27382635.0,10298018.5,1554270530.147026
bdb799630eacd411,NTPC.NS,2023-06-28,ACCEPTED,3.236533981142523,179.688580372309,178.22034451552577,3.236533981142523,0.017115462065986423,0.016542894601506507,0.016928635506675796,188.6999969482422,0.09805056878832344,32476741.0,11708963.5,1546188143.1622925
26a5aad7be4688c1,NTPC.NS,2023-07-28,ACCEPTED,4.293104971091432,188.26689347197663,185.16902163138835,4.293104971091432,0.020443357005197293,0.018722636368414963,0.019027482912400095,203.0,0.09878213802435724,39630520.0,12258644.45,1704656402.4431992
19420b5d65a0c448,NTPC.NS,2023-09-01,ACCEPTED,4.7290193963404,207.5357474129498,204.23803561500696,4.7290193963404,0.02049856722538822,0.01770532171037571,0.022250769192961487,223.60000610351562,0.05571295033869396,29859815.0,12373578.9,2240261444.085083
c011fbe63ebabd51,NTPC.NS,2023-09-04,SUPPRESSED_OPEN_POSITION,4.819803725173228,208.64414959486385,204.8051713535652,4.819803725173228,0.020440219095821163,0.02049856722538822,0.02205726213763505,231.64999389648438,0.0937204464528539,21895573.0,12373166.4,2351827685.5961304
730928d8f39dd55a,ONGC.NS,2023-07-12,ACCEPTED,2.9978041252849716,159.8403140572061,158.73613597811539,2.9978041252849716,0.017881325585588557,0.017557370999347264,0.017941419224909837,166.0,0.07617504051863858,15614026.0,9606300.45,1488912525.0305786
ac59e32bf711b59c,ONGC.NS,2023-09-01,ACCEPTED,3.2389206992249417,171.28477536318866,170.10682754585162,3.2389206992249417,0.017820746625721827,0.015347019546965974,0.017473929481604672,180.4499969482422,0.052186571126776604,22460960.0,6399031.25,1324577870.9593048
343607e1507d2b0e,M&M.NS,2023-01-09,ACCEPTED,28.303958883431054,1263.4957103767465,1263.4053472018043,28.303958883431054,0.021600304812288508,0.021117839516994075,0.021495879714869996,1294.9000244140625,0.07193710630303186,3634805.0,1789718.95,2722365816.734741
4be392aa6444cb36,M&M.NS,2023-06-30,ACCEPTED,27.72268778000618,1330.5056837047077,1313.8654323882738,27.72268778000618,0.019071744802989097,0.017762207274336174,0.018320269311606848,1422.800048828125,0.08379036860806932,4114865.0,2082257.3,2619589803.267151
e28c27bc66755829,TECHM.NS,2023-07-05,ACCEPTED,23.0832112819567,1094.7312844481298,1085.1735130152583,23.0832112819567,0.019645286197409958,0.019077660598734843,0.019653058119498162,1156.0,0.09046318896579233,3732838.0,2398065.6,2036415439.430542
1022dd0dc103ceea,TECHM.NS,2023-09-04,REJECTED_CASH,25.790226384261388,1178.4794858880878,1169.8192650678689,25.790226384261388,0.020521365732453858,0.02008269554672227,0.023715760973034718,1250.3499755859375,0.09411088743660687,3466873.0,2207174.6,2751867540.9904175
2c98cb3bd1c04e9e,TECHM.NS,2023-09-15,ACCEPTED,24.988087230806368,1205.8625574190899,1190.4089193364678,24.988087230806368,0.019220865576160564,0.019241033424360874,0.020609403715045563,1289.3499755859375,0.09410669015156836,4316210.0,1834629.45,2781590328.776367
a2d6f8d298194c02,TITAN.NS,2023-03-21,ACCEPTED,48.20965391179136,2441.2002020285904,2437.5386048961454,48.20965391179136,0.019176091555640803,0.019179097426403627,0.019854338861336824,2507.25,0.08024558380008617,1652107.0,1018776.55,2230564876.835083
ff1d7ccc09db1b3d,TITAN.NS,2023-05-05,REJECTED_CASH,44.355945830905526,2550.4089448904256,2523.0114711661286,44.355945830905526,0.016230358745618755,0.015015996149354713,0.015261906002489525,2694.25,0.07199695526057322,2190777.0,922252.15,1914052796.5935059
015171292f05547a,TITAN.NS,2023-06-28,ACCEPTED,45.546493348866754,2807.277518509906,2769.3851445155547,45.546493348866754,0.01504127732901556,0.014707617988996767,0.015216311901451,3024.39990234375,0.0839754118084571,1525117.0,842511.2,2125444210.0048828
75a550d7ee2af3f2,TITAN.NS,2023-07-04,SUPPRESSED_OPEN_POSITION,44.45147692221925,2835.168676016478,2791.022082660759,44.45147692221925,0.014457410870855473,0.01444686215137572,0.015007281045986151,3067.949951171875,0.08283771328752317,1291238.0,835046.1,2146692795.2266846
96c7607094e10ed8,TITAN.NS,2023-07-07,SUPPRESSED_OPEN_POSITION,48.14487353560839,2867.0806435347044,2816.70388650339,48.14487353560839,0.01531325494135127,0.014125382579262716,0.014925192158558736,3113.89990234375,0.09905582011603282,3630808.0,843886.2,2131069476.2401123
f42b2fc541ab970f,TITAN.NS,2023-08-17,ACCEPTED,52.90810775052697,2953.166689042909,2938.112143849866,52.90810775052697,0.017224093025320086,0.01717653996075031,0.017205818408721485,3067.449951171875,0.06418151334242153,1699758.0,879251.35,2378571279.1516113
d18d88066cc183f0,TITAN.NS,2023-09-06,SUPPRESSED_OPEN_POSITION,46.32817121877957,3013.4082566528227,2988.0187735224126,46.32817121877957,0.014586725809271612,0.014444326378339017,0.01654007081447142,3157.5,0.08706875089201346,1163154.0,772416.15,2200386536.960083
977d5d3e13d48439,TITAN.NS,2023-09-13,REJECTED_CASH,47.07717295908552,3048.7203161379057,3013.4082566528227,47.07717295908552,0.01442668964927486,0.013693709624029375,0.015466216885127042,3221.550048828125,0.08176491194156332,1370306.0,742078.4,2200386536.960083
64b435a287e730cc,TITAN.NS,2023-09-18,REJECTED_CASH,50.71129051342758,3075.351726940164,3034.013637013746,50.71129051342758,0.015185294359463267,0.014319969734571154,0.014852155014296927,3302.449951171875,0.08720840746177906,1423507.0,788461.75,2250831849.7976074
2f3c8440e03303c1,BAJAJFINSV.NS,2023-06-16,ACCEPTED,22.127045085064058,1419.602325534692,1405.3924901777646,22.127045085064058,0.014667271273466615,0.014056501258944745,0.017135092671838603,1492.0,0.06796460245037106,2090874.0,1034381.5,1753627436.10083
1d4e923662f0de5e,BAJAJFINSV.NS,2023-06-19,SUPPRESSED_OPEN_POSITION,23.739404239144303,1424.400271638111,1407.7692552688327,23.739404239144303,0.015395703486421504,0.014667271273466615,0.016700780243161253,1515.0,0.07829181494661921,3446484.0,1101200.0,1778323082.356079
7d729c4fde21e92e,BAJAJFINSV.NS,2023-07-04,ACCEPTED,28.87791506711622,1460.005461543603,1440.1252617030977,28.87791506711622,0.017721948491633152,0.015455581818314777,0.015753709594116844,1553.300048828125,0.06668047034207687,7337423.0,1135305.8,1570095306.626892
30df931c19827d39,BAJAJFINSV.NS,2023-09-08,ACCEPTED,26.59229992381853,1515.5923849474275,1514.5205846127565,26.59229992381853,0.01725652168969405,0.016859353008442362,0.020233115814005727,1529.75,0.05427291523087526,2168354.0,1180166.7,1886810938.6675415
a101aed83ff5dba5,ADANIENT.NS,2023-08-03,ACCEPTED,66.67204490224161,2373.8718399117797,2348.2674259655178,66.67204490224161,0.026325531995336365,0.026290728583581422,0.03143779642885643,2518.0,0.07606837606837606,4720470.0,2454765.5,7119922562.270508
e4a65da4a94a48f0,ADANIPORTS.NS,2023-05-11,ACCEPTED,17.890684561616023,667.733659945809,662.2916105701232,17.890684561616023,0.02524080822479029,0.025322229084117145,0.03188057245800674,695.9000244140625,0.07491504196944622,5979387.0,3933754.05,4521738902.013489
d9377f29510c1e59,ADANIPORTS.NS,2023-05-22,ACCEPTED,22.09210550590532,673.9009842500542,669.9813980333604,22.09210550590532,0.030275599748293993,0.027275713157903263,0.028405077328373482,714.0,0.08841463414634146,30204070.0,4048786.4,3801681097.28833
eef5278c6d8c6495,ADANIPORTS.NS,2023-07-31,ACCEPTED,16.70476830416987,728.993917025013,722.719413242106,16.70476830416987,0.02147556576264791,0.02119957831335693,0.023820532975499114,765.4000244140625,0.08107348081082275,5854918.0,2735320.75,2991467711.970642
f031f65cd7126c31,ADANIPORTS.NS,2023-11-28,ACCEPTED,19.592947358431186,802.1003505729393,801.5585254734365,19.592947358431186,0.02338897824151987,0.020832344309728332,0.02225159957934322,828.0,0.07924920076325766,15929818.0,3134957.45,2642214423.3782043
88fa8908ea869685,GRASIM.NS,2023-04-05,ACCEPTED,32.25620985621835,1613.683716450787,1610.7761953944137,32.25620985621835,0.019517533580638964,0.019046252197104173,0.019847324534538312,1645.108642578125,0.08159517818949362,1443735.0,535565.55,909967214.0692139
788be1dea409fe94,GRASIM.NS,2023-07-20,ACCEPTED,31.948711856874294,1738.9381809970912,1730.087354666198,31.948711856874294,0.01762936413515231,0.017375186890427243,0.018129946351966988,1797.851318359375,0.0642688241670567,856488.0,552476.4,802323753.2947998
80788592cff678cd,GRASIM.NS,2023-08-07,SUPPRESSED_OPEN_POSITION,32.68225106472449,1771.0459817261665,1758.6271262303244,32.68225106472449,0.01768279929466566,0.017693035770530944,0.017869497343052317,1847.6533203125,0.0702437679202124,970459.0,591043.15,917112937.3161621
22b6945f9ac581c6,GRASIM.NS,2023-10-12,ACCEPTED,39.20052031922704,1868.1879413869278,1853.7802799592712,39.20052031922704,0.019660500441759318,0.01926240654224403,0.019682472606312743,1980.2261962890625,0.08284310502441601,2108772.0,896253.25,1147702320.1864624
d45dcf9cbdbefdc9,GRASIM.NS,2023-11-29,ACCEPTED,32.290854000840056,1914.15298288682,1902.952230817455,32.290854000840056,0.01618332704061463,0.01638082805431656,0.017850289837527684,1980.1265869140625,0.08749760996122573,824220.0,417669.85,1111586996.8844604
e535ddae7d9a6380,GRASIM.NS,2023-12-04,SUPPRESSED_OPEN_POSITION,34.835296324652184,1925.8330269199932,1908.5041077010333,34.835296324652184,0.017035879753494725,0.01639471548420255,0.017494553340580397,2030.924560546875,0.0853537913555723,1055783.0,533109.0,1140389704.5167847
e9344d897c011fa2,JSWSTEEL.NS,2023-06-08,ACCEPTED,15.501748408838706,708.6229492342287,705.4720325949992,15.501748408838706,0.020702121609976164,0.019018572335378094,0.020624069941026113,732.2000122070312,0.07510465506331014,9618332.0,2719751.55,1001218156.3977051
036e278f9f430662,JSWSTEEL.NS,2023-08-10,ACCEPTED,17.795169457680945,782.1253408162684,774.7245026186876,17.795169457680945,0.021401286178810517,0.021801554337315697,0.02239626821911028,828.9000244140625,0.07203829711285244,6313077.0,2648687.35,1788468704.9973145
3c1b9e27d868daec,JSWSTEEL.NS,2023-11-30,REJECTED_CASH,13.26798556618751,770.7993860100503,767.1322275880399,13.26798556618751,0.01656220942521324,0.01621389600703049,0.01884776500137185,794.7000122070312,0.09917014136518845,3142500.0,1728502.95,1432085692.5778198
cdd99cb396ba82e2,HINDALCO.NS,2023-09-01,ACCEPTED,10.932887387828204,446.09266297906277,443.25601525779706,10.932887387828204,0.023101716614533977,0.022483991895200332,0.023417933884088242,471.0,0.07497433883629505,11151562.0,5223895.7,2057917513.9222412
968ec7e7281afcea,HINDALCO.NS,2023-09-04,SUPPRESSED_OPEN_POSITION,11.512680273909671,447.68314654445186,443.3753867297646,11.512680273909671,0.023657002811672777,0.023101716614533977,0.023417933884088242,478.5,0.09209176461394306,10359653.0,5580124.65,2057917513.9222412
1fa0afda88abe1a5,COALINDIA.NS,2023-05-29,ACCEPTED,4.1011320847619235,231.94484553362034,229.78380943602087,4.1011320847619235,0.016664494039211393,0.016106341246039293,0.016290873227855877,243.6999969482422,0.05956520412279212,8069985.0,4328670.9,994596848.3890076
ea726da4ccd3a312,COALINDIA.NS,2023-08-01,ACCEPTED,3.9048876921758167,230.72944193820996,230.5778993864456,3.9048876921758167,0.016246671907692953,0.014199621369665568,0.014584214529549246,237.3000030517578,0.046065667476657114,22409256.0,7984569.9,1452154252.1386414
f1f9d9d74bbd317d,COALINDIA.NS,2023-09-01,ACCEPTED,3.664918882502947,231.140756219987,231.1403967136563,3.664918882502947,0.015470320713070035,0.014748923084168067,0.018564499106540962,236.8000030517578,0.0431718196112679,14869577.0,7978483.3,1476303652.87957
bad697679d7c8675,COALINDIA.NS,2023-09-04,SUPPRESSED_OPEN_POSITION,4.263853466021152,231.79406001731135,231.0741065267773,4.263853466021152,0.01720683379140461,0.015470320713070035,0.01851967685504152,237.25,0.04515418502202643,24785966.0,8024498.85,1476303652.87957
e76a1c6246b53fa0,COALINDIA.NS,2023-09-05,ACCEPTED,4.559292068197096,232.7178226089272,231.0300237982073,4.559292068197096,0.017855069352725284,0.01720683379140461,0.018315648272921533,248.9499969482422,0.09669602179842374,19654487.0,8927498.3,1476303652.87957
04dc166387db8ddc,COALINDIA.NS,2023-11-09,ACCEPTED,6.959275404967981,291.95032476599954,286.41608663992287,6.959275404967981,0.0215091196647519,0.021479780325944272,0.023012743227193367,319.75,0.06779090654681261,15503280.0,8646162.3,2528021443.460663
aeac05114e9a749c,COALINDIA.NS,2023-11-13,SUPPRESSED_OPEN_POSITION,8.205702593033218,295.3862475154091,288.5617542396531,8.205702593033218,0.02348848561520217,0.020998009577339626,0.02296540048282506,326.1499938964844,0.07675800748924957,42178783.0,8458764.0,2588744139.4067383
3b3c8a50acddd37c,DRREDDY.NS,2023-06-15,ACCEPTED,14.025056195062628,926.0189230777919,922.4014061481356,14.025056195062628,0.014598940510904334,0.013468561320350729,0.016805067449025726,945.9099731445312,0.07880838012607153,3630745.0,1567753.25,1431558771.1843872
07de9982474c6654,DRREDDY.NS,2023-11-30,REJECTED_CASH,19.406363514282884,1107.002755906849,1099.8336258621582,19.406363514282884,0.01676387397737449,0.017144050499614212,0.019631967329082803,1151.3699951171875,0.09714885070099522,4267760.0,1943884.25,2166722033.654785
06be9801134a1e92,DRREDDY.NS,2023-12-28,ACCEPTED,23.2190544037981,1119.924404028382,1116.2286656052452,23.2190544037981,0.019816383898640103,0.01891859272834875,0.018987865043578998,1171.31005859375,0.09060526870926443,4888545.0,2631228.75,2123442505.2792358
837f4da04a852b99,CIPLA.NS,2023-07-26,ACCEPTED,19.214816986958276,1001.7799336555847,989.8212566175067,19.214816986958276,0.017982982673802786,0.01670883828857391,0.01735849701409474,1062.0,0.06573005519317611,1854416.0,1182799.65,1453741677.2592468
185f0cbd68072f5e,BRITANNIA.NS,2023-04-28,ACCEPTED,77.10166581906981,4343.404441916626,4326.0910506231,77.10166581906981,0.016932210940067038,0.01608233114345013,0.01754735906223703,4429.35009765625,0.06654228212286299,482939.0,297256.05,1101645572.2094727
869dcf5d7e496d24,BRITANNIA.NS,2023-06-07,ACCEPTED,87.33762258757714,4524.189401537357,4481.118477630138,87.33762258757714,0.017848957078904052,0.016677670572111163,0.017476977028777083,4718.7001953125,0.0523065236615209,1390193.0,358709.2,1204142573.3884277
c4dd81b73cb6eaee,BRITANNIA.NS,2023-07-06,ACCEPTED,85.9020899999001,4790.7295017744245,4729.850639988855,85.9020899999001,0.01660409066170938,0.015522869529064206,0.01620835021939067,5115.39990234375,0.08492044588414634,966410.0,327857.45,1269063766.9047852
1eb313d0ce006f47,DIVISLAB.NS,2023-04-12,ACCEPTED,69.03829300437778,2944.6361730128206,2937.390503136765,69.03829300437778,0.021493194765241735,0.01751088021292372,0.020831563039414493,2946.75,0.07939560439560439,4323187.0,334354.35,940287491.1035156
0d628f5110456a2c,DIVISLAB.NS,2023-08-07,ACCEPTED,86.37732235840204,3589.861020367756,3555.003609515858,86.37732235840204,0.022088279469607286,0.0212503222894818,0.021604212007707856,3795.89990234375,0.06417154537251192,1124433.0,389753.65,1461323385.0307617
74f58fc829655d2d,DIVISLAB.NS,2023-09-12,REJECTED_CASH,72.21826597751354,3647.3870374135936,3629.846297972863,72.21826597751354,0.019066018545476425,0.018288714490263057,0.021522573166679673,3748.89990234375,0.062086522372335154,736438.0,435917.15,1427229482.4626465
182b1aeceaeed816,BAJAJ-AUTO.NS,2023-01-27,ACCEPTED,77.4440564540125,3640.3022609265627,3623.980688784238,77.4440564540125,0.019672078860484537,0.016691085040615214,0.017859573935254586,3740.0,0.062484893146647014,2375899.0,269188.75,814489249.576416
89895ddde6659c5f,BAJAJ-AUTO.NS,2023-04-05,ACCEPTED,73.12620292670131,3805.0818547936424,3779.8285089829783,73.12620292670131,0.01817635551787431,0.018430084288047544,0.0193404320473797,3995.0,0.08047439526093357,584697.0,344784.55,1037222625.6809082
cae88cc33ffe2092,BAJAJ-AUTO.NS,2023-04-11,SUPPRESSED_OPEN_POSITION,72.80711894413162,3837.6200283725016,3788.117082165432,72.80711894413162,0.01742881233450569,0.01699500645086629,0.018865085199369587,4072.0,0.09446182595570041,685931.0,353687.65,1048490469.9309082
050ffe8eaee852ee,BAJAJ-AUTO.NS,2023-05-25,ACCEPTED,78.506625544535,4280.504719872541,4223.975216393895,78.506625544535,0.016904958127591515,0.016215092635136815,0.01662439239698814,4628.85009765625,0.08125440262935062,1016606.0,398471.25,1501947378.5688477
72f4c916eddb03a0,BAJAJ-AUTO.NS,2023-09-15,REJECTED_CASH,89.66846249096069,4720.501141491942,4683.51524335621,89.66846249096069,0.017477528991513634,0.01509814420593456,0.01680721980524138,4858.0,0.0630778488976421,1689829.0,285500.1,1515174734.901123
980d44a4cf0c343a,BAJAJ-AUTO.NS,2023-10-19,ACCEPTED,108.89290990859887,4935.153630174982,4879.7143738126,108.89290990859887,0.019861545246597386,0.017471605971589428,0.0187620221587015,5263.35009765625,0.07348493434112975,2838352.0,416077.2,1539844829.519287
3072e1d17a15a8c9,BAJAJ-AUTO.NS,2023-11-21,ACCEPTED,95.13634692380067,5229.312957952272,5144.081571428967,95.13634692380067,0.016731829097312727,0.017216136278660844,0.019469128224736475,5675.9501953125,0.08402410147297555,746193.0,450529.45,1885421998.025879
df01620d3060083e,EICHERMOT.NS,2023-09-26,ACCEPTED,63.779047251354896,3390.608178282408,3382.064476472833,63.779047251354896,0.018368748194973708,0.0168161783209754,0.017609236824432956,3461.0,0.046251511487303505,2178639.0,551215.85,2190879727.1656494
9ad3e1eb498ffa0b,HEROMOTOCO.NS,2023-05-15,ACCEPTED,46.729253240501315,2510.260867307598,2487.2968510815213,46.729253240501315,0.017359209084935018,0.015943390824708466,0.017878237843671804,2614.0,0.08038851002273197,1383562.0,661261.65,998573743.6483154
4c8d52c82bd4b77a,HEROMOTOCO.NS,2023-09-18,REJECTED_CASH,61.9720180436586,2979.533654174012,2966.0158362303264,61.9720180436586,0.01989694507784812,0.019516784679738435,0.02119817437033538,3103.0,0.07370242214532872,897322.0,434003.25,1738998767.1345215
53d2a60253fb4b19,HEROMOTOCO.NS,2023-10-19,ACCEPTED,67.50204252987413,3030.6165535271393,2999.1087421265406,67.50204252987413,0.020669057216777108,0.019713587249707017,0.020970510791762598,3187.550048828125,0.09015205528760951,1129769.0,506618.35,1466224329.496338
89d016c2bd5d695c,HEROMOTOCO.NS,2023-11-16,ACCEPTED,69.89022913849324,3086.320198645335,3067.0154763415126,69.89022913849324,0.021307671559299277,0.020752135980898315,0.02178657368332333,3275.0,0.0767713299358869,963718.0,525127.15,1239238243.045166
31739767cb65f8fc,HEROMOTOCO.NS,2023-11-17,SUPPRESSED_OPEN_POSITION,71.23735562860087,3096.0625437964986,3071.207022459247,71.23735562860087,0.021362127784271944,0.021307671559299277,0.02178657368332333,3299.0,0.0846621732697682,947293.0,552472.25,1239238243.045166
64f3e42528fa3703,APOLLOHOSP.NS,2023-04-28,ACCEPTED,96.47902638768194,4365.5174801999365,4350.508270696369,96.47902638768194,0.02137470860113303,0.0215786229494153,0.022756937835458575,4488.7001953125,0.07694342497900672,713399.0,451099.35,1487523943.3862305
720c7c8eb49431f2,TATACONSUM.NS,2023-05-31,ACCEPTED,11.109920412135741,757.9711499466615,750.6438233901722,11.109920412135741,0.013910874691685692,0.013868219181782658,0.014691489380236799,797.0,0.05360564100549014,2201928.0,862973.65,707788409.625
19ee25198a7a237b,TATACONSUM.NS,2023-06-07,SUPPRESSED_OPEN_POSITION,12.395015818608966,765.5759408978827,757.9711499466615,12.395015818608966,0.015058943246578724,0.013695845105741443,0.014261815980812591,801.4500122070312,0.05948839880206657,3971089.0,893625.8,698030962.0980225
c814db058ce20408,TATACONSUM.NS,2023-09-06,ACCEPTED,15.086659014937437,841.0737075388436,838.9450464551097,15.086659014937437,0.0171653869562642,0.0157893844440291,0.016671167314703503,863.2000122070312,0.04219741890375038,3618782.0,939240.1,1018170133.8319092
0f1a5ad9c28ccd79,TATACONSUM.NS,2023-10-13,ACCEPTED,16.87709009729175,865.9684174343942,859.9258566617581,16.87709009729175,0.018478229099929258,0.017855122611852972,0.019194446006533722,909.9000244140625,0.06421055487024854,5120134.0,1342986.1,956062795.7041626
1bdb7276b8356bd3,TATACONSUM.NS,2023-12-19,ACCEPTED,15.134543774788977,922.8344761077593,915.5344047764754,15.134543774788977,0.015664796762767323,0.014825218887622272,0.01571851436443024,963.0,0.06291390728476821,3897491.0,1053335.45,982352101.4041443
f4b26cbd70fb5e24,UPL.NS,2023-01-23,ACCEPTED,14.52126508900148,736.9586217835182,736.7738872356657,14.52126508900148,0.01937589545997641,0.019564160595598387,0.021911887220406306,748.8499755859375,0.058445195174469965,2526843.0,1534359.05,1167093994.705017
46fce9705372525f,UPL.NS,2023-01-31,SUPPRESSED_OPEN_POSITION,14.96788939858484,738.676219969578,736.9586217835182,14.96788939858484,0.019767418327104262,0.019407600702757846,0.02071803369066552,756.7000122070312,0.06502464772277446,3629320.0,1667267.65,1144617116.489746
973f16ec53aee461,UPL.NS,2023-12-11,ACCEPTED,10.692560170292541,581.2346908351465,579.485853858123,10.692560170292541,0.01774993316225857,0.0170284735353805,0.01780016119570388,596.2999877929688,0.09412841796875,4467164.0,1933039.75,1148979180.7852478
c18129e772b10710,UPL.NS,2023-12-15,SUPPRESSED_OPEN_POSITION,10.65510521493157,584.2995374860816,580.37079966866,10.65510521493157,0.017443080364718054,0.01739920067633359,0.017581155915555993,606.75,0.09363737085448011,4941179.0,2159035.35,1168441167.55307
b5101ae9c7d98a24,RELIANCE.NS,2024-06-03,ACCEPTED,28.581639473715633,1445.0787376708493,1443.2523558283901,28.581639473715633,0.01892416559200646,0.01699594366566969,0.017906000448906362,1492.2249755859375,0.07819723669504154,21527942.0,11284111.9,15244919824.841675
4f6aea3a7e32bd71,TCS.NS,2024-02-06,ACCEPTED,81.67094532625806,3761.159420996209,3718.1844944541517,81.67094532625806,0.01974636008855369,0.018717116931885824,0.01878556065517991,4022.0,0.09519663080078314,4474396.0,2352000.15,6778181874.453003
bccb07376f226413,TCS.NS,2024-03-12,SUPPRESSED_OPEN_POSITION,82.79064289465771,3965.253919334592,3934.6931822455986,82.79064289465771,0.019748498513842853,0.019596152400419103,0.019780153361558132,4170.0,0.05344264836934389,4039801.0,1904291.45,8148032394.3186035
132e3ac999be2bb6,HDFCBANK.NS,2024-04-04,ACCEPTED,12.536021472522595,734.3907541760661,732.8093136167361,12.536021472522595,0.016412701849794396,0.01574002148778837,0.016317566164987668,747.8250122070312,0.05234830213830255,88935066.0,50158695.9,30895622472.628723
7465f905b632ea11,HDFCBANK.NS,2024-06-03,ACCEPTED,14.067573229605037,747.5216411382669,743.3906373560146,14.067573229605037,0.017895399652085538,0.016395762405084828,0.016983911741787514,772.5,0.08284268792179834,72637256.0,35393006.2,26640532154.749146
4ced77a313a08d67,ICICIBANK.NS,2024-06-03,ACCEPTED,23.22953931128054,1106.4073195420974,1102.192693017595,23.22953931128054,0.020025464923517707,0.018750524905144825,0.018987445018146504,1158.449951171875,0.05611261317155224,25699977.0,13636768.35,15681648807.018494
5b5b535177be9558,ICICIBANK.NS,2024-09-03,ACCEPTED,20.718463175108475,1193.7688576307364,1185.530990384302,20.718463175108475,0.01660532498670783,0.01623008865250986,0.02001681675070811,1239.199951171875,0.07476144941186036,19114907.0,12298644.55,15499019540.227478
ac14d2bbe8aef1e8,ICICIBANK.NS,2024-09-20,ACCEPTED,24.401646368260906,1221.1849516237028,1205.6455869248373,24.401646368260906,0.01823127293396076,0.01612426306250537,0.016758909729903255,1300.0,0.09376967447164833,73257767.0,12813726.65,15360658405.534119
a11389ac64603234,ICICIBANK.NS,2024-12-05,ACCEPTED,24.233493088307313,1274.5122483757498,1265.8083488179902,24.233493088307313,0.018132056182796345,0.01782541831723804,0.020797893811110676,1320.0,0.07095042611455821,19210697.0,12567801.95,15168702128.041687
a030456f6a1c7781,HUL.NS,2024-07-16,ACCEPTED,49.64473454010672,2475.7963456959524,2441.3360238213704,49.64473454010672,0.018465932206945847,0.01732996871729751,0.020032571608411896,2639.5,0.0877583181417242,3298003.0,1937573.95,4421111333.388306
26b479082c254061,HUL.NS,2024-09-09,ACCEPTED,49.84882491804081,2708.50914860444,2677.403315238176,49.84882491804081,0.01706099804400858,0.016220340379059048,0.016437669088568092,2866.449951171875,0.05905928018477691,3342754.0,1612463.3,4692479332.970581
335c4b384f1ce8fd,SBIN.NS,2024-04-25,ACCEPTED,17.345217952939944,742.0077902372016,734.4523476500732,17.345217952939944,0.02134270664748229,0.019709168641384892,0.02106123071961052,780.7000122070312,0.06915913332754355,36732974.0,14329939.25,12597248275.51538
f9f5722405a2619a,SBIN.NS,2024-06-03,ACCEPTED,22.379150941001587,795.9927985219806,785.2715061858681,22.379150941001587,0.02471059497346169,0.02146065334554958,0.022908519899278938,841.25,0.060577391645863135,64269020.0,19262922.5,12717856259.421844
e99759af37b605ea,BAJFINANCE.NS,2024-01-04,ACCEPTED,15.516244758499829,739.7513572059638,738.893569587193,15.516244758499829,0.02013645347312472,0.018990399446084546,0.019287950797979177,769.5,0.07693918856238668,29118790.0,9857034.5,6707798689.932251
64e7d3beca16203f,BAJFINANCE.NS,2024-08-29,ACCEPTED,12.37607923061378,682.2007672207486,681.0380905302391,12.37607923061378,0.017521047593379732,0.01623413051644361,0.020478119597677407,691.7000122070312,0.07657589448565175,26391590.0,8282438.5,6274666457.142029
804f3d10391dc3b6,BAJFINANCE.NS,2024-12-11,ACCEPTED,15.976708706849957,687.5485885997546,686.3623757192543,15.976708706849957,0.022454650655038242,0.021790242145185105,0.025019244187079053,695.885009765625,0.07872428476463667,19931040.0,9500979.0,6911966377.345581
c105c2ab822f3e17,BHARTIARTL.NS,2024-04-18,ACCEPTED,28.381787865738342,1177.7160153625769,1165.5041856401854,28.381787865738342,0.02242290173078281,0.02094968123895584,0.02278372602615315,1245.0,0.05232019752464802,19939924.0,6787785.4,6642634269.106628
964b304610861172,BHARTIARTL.NS,2024-04-19,SUPPRESSED_OPEN_POSITION,29.436661904904355,1182.0800931914955,1168.0099048077884,29.436661904904355,0.02283682071753635,0.02242290173078281,0.022649970349862616,1281.8499755859375,0.08346716426149317,13103862.0,7279010.8,6669440848.392517
50d108dce97d6da7,BHARTIARTL.NS,2024-12-13,ACCEPTED,39.70935662777848,1603.7320686765513,1601.5791188097264,39.70935662777848,0.02361192604595123,0.02281738570595003,0.02323112689113409,1652.9000244140625,0.09391133316615652,12900707.0,7393254.2,8050476437.10083
aad5b3346af196f7,KOTAKBANK.NS,2024-09-20,ACCEPTED,5.832539441798978,359.88536656598205,357.19369470880537,5.832539441798978,0.015312521751796256,0.014463638218734186,0.015044387700124388,375.0,0.06746374332639701,94247895.0,20128496.0,7391659337.741089
04815e9f06b5c8e8,ITC.NS,2024-01-03,ACCEPTED,7.189526857375191,434.62623393108237,430.94098447175884,7.189526857375191,0.01564466656195139,0.015239036171095687,0.015313018924317585,453.8700866699219,0.06052420750810506,24961710.0,12589131.05,4034902979.1179047
1472a6530b2ba813,ITC.NS,2024-07-09,ACCEPTED,6.853465491459569,414.4165933870617,412.802197754032,6.853465491459569,0.01572561461711859,0.015302036223533993,0.0180725428053993,428.06396484375,0.06211922422317558,27489709.0,14369873.4,5371032385.209885
22c5e2629bf716be,ASIANPAINT.NS,2024-07-10,ACCEPTED,51.252438410771624,2902.2897975450087,2895.0790455758784,51.252438410771624,0.01710438660613284,0.01581846247602417,0.018394806053395805,2968.449951171875,0.043740405480912084,2299950.0,1058828.55,3135512997.8894043
68216cbcf98f9870,ASIANPAINT.NS,2024-07-11,SUPPRESSED_OPEN_POSITION,51.66297852428794,2906.986277987484,2896.6406478020695,51.66297852428794,0.01709534180094785,0.01710438660613284,0.018201326521546407,3014.5,0.059932120829627435,1968980.0,1131054.55,3194968875.8776855
f07f8844b9481f77,ASIANPAINT.NS,2024-09-04,ACCEPTED,57.79558606321915,3046.1844448145243,3021.3992800856763,57.79558606321915,0.017884234929440523,0.01736004224270572,0.01981912211395375,3203.64990234375,0.08012471420895145,2379110.0,968786.35,3387394719.46875
1d076d025dcc6e5f,ASIANPAINT.NS,2024-09-06,SUPPRESSED_OPEN_POSITION,56.81199648116855,3062.3432322257613,3029.091344112453,56.81199648116855,0.017354063392655078,0.017455252921482037,0.01927722006626341,3257.0,0.098111935266352,2131256.0,1022205.4,3500518390.729492
18db509096de59a8,AXISBANK.NS,2024-03-06,ACCEPTED,24.754534468667774,1081.6408898197924,1077.090958808451,24.754534468667774,0.0220040306388158,0.02166001601816705,0.02531281973513975,1110.9000244140625,0.07681868669078058,13787638.0,8732481.55,9186559387.897583
49d387f01d01ac1e,AXISBANK.NS,2024-06-03,ACCEPTED,28.419434657306226,1122.022714794425,1109.1574814528858,28.419434657306226,0.023220388994527493,0.02103674898101808,0.02160319751392463,1196.0,0.08230392032317894,22197339.0,8119564.55,10248095994.50476
9331ceb214ecaaaa,LT.NS,2024-03-01,ACCEPTED,82.77348469818705,3407.043883766638,3383.3607207543037,82.77348469818705,0.02278064805234266,0.021633902807658263,0.024722353295616284,3513.0,0.07660009728065334,4407803.0,2650057.95,6979718770.781616
4705e9c17c4ad35f,LT.NS,2024-03-28,SUPPRESSED_OPEN_POSITION,79.63933065013748,3509.709737196606,3474.7458408965554,79.63933065013748,0.02115872704280651,0.020736493354518302,0.021948538188371128,3727.199951171875,0.08460766317892987,4278668.0,2311702.45,7152040727.496582
ad119c18db5e1e79,LT.NS,2024-09-20,REJECTED_CASH,69.27856577547406,3635.0692211490314,3617.3419958851455,69.27856577547406,0.018260514920985654,0.017546113327748573,0.017717523144250808,3757.949951171875,0.0686924284883318,5401701.0,1979154.4,7523556174.491333
1600ddd0d6d2c1df,LT.NS,2024-12-03,ACCEPTED,82.35123836139731,3604.701863064496,3579.642222865458,82.35123836139731,0.021745484559117536,0.02192126965989294,0.022192977327387085,3761.0,0.0893713314289735,3252670.0,1623128.9,6629424849.13208
ffee48fd8cd2e6e0,MARUTI.NS,2024-03-20,ACCEPTED,239.015647464492,11074.031741201681,10952.96930508313,239.015647464492,0.020016132419883367,0.019356838548388204,0.019538948686115398,11730.0,0.05395570331102026,1031037.0,456582.8,5814397622.458496
732731819b68dd02,MARUTI.NS,2024-09-26,ACCEPTED,228.78372300657716,12447.44721003074,12357.344929294208,228.78372300657716,0.017094078389191737,0.015506221184009069,0.016915332031154216,12816.2001953125,0.059654227748417374,1471069.0,547261.35,5506756266.817383
5cf2fb90c79c1d9f,HCLTECH.NS,2024-01-12,ACCEPTED,32.77993698951173,1392.580301920385,1371.6971404159747,32.77993698951173,0.02127462094412765,0.020138384547938856,0.02015432225828833,1509.9000244140625,0.09254705095084118,5862043.0,2757193.25,2617553847.0
84099674571185cc,HCLTECH.NS,2024-07-12,ACCEPTED,31.704340167465144,1454.1191274345138,1437.403872190349,31.704340167465144,0.020320690398465808,0.01975918004717894,0.020340883545355674,1546.300048828125,0.08626627947181244,6430647.0,3586639.3,4977783588.243713
7ece1e63ab544bfb,HCLTECH.NS,2024-10-15,ACCEPTED,40.154044194325856,1739.6546440106008,1717.845159811828,40.154044194325856,0.021471602972319617,0.021111737750787892,0.021132646009207265,1865.5,0.08371091759161957,5696544.0,2712424.95,4296093871.024109
e170c944faf8110b,HCLTECH.NS,2024-12-05,ACCEPTED,40.538279554485015,1828.4717844676338,1815.3316242044145,40.538279554485015,0.021069791868235457,0.020812621747598112,0.02184693787484836,1919.949951171875,0.08995171795167471,3881814.0,2580020.2,4341009258.9021
57721d7fe4a97e23,SUNPHARMA.NS,2024-01-02,ACCEPTED,21.689310219800166,1209.3825022684393,1196.6696858785638,21.689310219800166,0.016732997251073172,0.015979757831398825,0.01693624970720862,1271.949951171875,0.052459476051675266,3174447.0,1908186.65,2016057873.6617432
c4efdf1ca9b55b0c,SUNPHARMA.NS,2024-07-24,ACCEPTED,30.039021940721277,1540.83207560658,1528.8507821561782,30.039021940721277,0.01854890416278952,0.01861582465162557,0.01951870047273522,1605.6500244140625,0.07595655825043302,2923358.0,1734320.3,2702058102.557373
b8657e5b8673bc80,SUNPHARMA.NS,2024-07-25,SUPPRESSED_OPEN_POSITION,33.54338449183047,1545.7327804387976,1531.41545736574,33.54338449183047,0.020136501085726306,0.01854890416278952,0.019450831619626997,1624.949951171875,0.08674131494524327,5329712.0,1788822.65,2702058102.557373
14bdc378a1fc7bc1,SUNPHARMA.NS,2024-09-27,ACCEPTED,29.03225051204896,1778.1504454102064,1753.0893854062358,29.03225051204896,0.014898266146407022,0.014001729323102643,0.015810278358776606,1905.0,0.06347342604398293,3809008.0,1876815.15,2987641858.13501
996ae7534a60700e,SUNPHARMA.NS,2024-12-30,ACCEPTED,34.981801113316926,1816.143198011315,1809.6488995844043,34.981801113316926,0.018568820351386267,0.018556396779932302,0.020782870041133196,1866.0,0.07290711383857099,6021550.0,1755876.0,3113601995.0561523
fd90a0492303a5bf,TATASTEEL.NS,2024-03-01,ACCEPTED,3.8996874708871445,138.17771080671108,136.93872356239865,3.8996874708871445,0.026006585863640855,0.024464452012944556,0.024943030546475856,147.39999389648438,0.09917962108593872,123709943.0,40122514.55,4709864138.020401
d1146ce507285ee7,TATASTEEL.NS,2024-05-21,ACCEPTED,4.528517941971687,159.53831689926736,157.70965460423344,4.528517941971687,0.025973718287586416,0.02553343215136813,0.02677334646833607,170.75,0.08550538262746642,84833644.0,45134455.7,8191043379.452538
3412d932431b522e,WIPRO.NS,2024-09-13,ACCEPTED,6.448174814953552,258.2884346154721,257.05319504760894,6.448174814953552,0.02342235779466402,0.02294397281137186,0.022997698534759352,271.0,0.08846267037474077,35919706.0,15253733.5,3189423181.1865234
5eeb899d7374c8c9,POWERGRID.NS,2024-09-24,ACCEPTED,6.376742314829093,335.68605624702565,334.60821357765514,6.376742314829093,0.018216662011713913,0.017908744794208193,0.020705624115814725,342.95001220703125,0.059959898457718604,26145769.0,13542484.7,4039018905.545532
18e11f2c5a16146d,POWERGRID.NS,2024-09-25,SUPPRESSED_OPEN_POSITION,7.078404449986389,336.7866030608678,334.59612629198114,7.078404449986389,0.0194595311339832,0.018216662011713913,0.020542657758977192,351.0,0.08484009656212937,40770462.0,14370288.65,4039018905.545532
706291e63d55f829,NTPC.NS,2024-09-19,ACCEPTED,10.070046967993578,398.8001741442805,395.48668033547267,10.070046967993578,0.023752911140561505,0.022897806844736936,0.02334067511913789,419.75,0.08941088320392603,59601773.0,13775302.65,5971191267.936005
8735ba1cd269e609,M&M.NS,2024-09-20,REJECTED_CASH,68.11539791509448,2749.956014017386,2733.664795491782,68.11539791509448,0.023083313506570866,0.02175336690207803,0.022443066420308702,2852.0,0.08210650111000797,12492909.0,2258999.55,6399374265.659424
07f41ff819b78796,TECHM.NS,2024-01-15,ACCEPTED,35.41211056609547,1240.6996660676543,1232.769165338911,35.41211056609547,0.0264733748886277,0.02365938621114204,0.02419723940016268,1333.050048828125,0.09141151316713289,6012767.0,2268818.5,1982183198.8260498
2a410136986bf35c,TITAN.NS,2024-01-16,ACCEPTED,61.42966887638149,3559.2107985046255,3517.8845038570703,61.42966887638149,0.01607980213366356,0.015512423390047379,0.015767757340185068,3776.85009765625,0.07333467240176493,1170685.0,681916.5,2512730302.4956055
92ba333603c734ea,TITAN.NS,2024-03-01,ACCEPTED,82.97676567679265,3628.4947657952102,3622.763400731748,82.97676567679265,0.022033715135431807,0.02147994042702671,0.02263208595020936,3737.0,0.06679988581216101,1533727.0,960840.3,2826371945.8342285
efeeb343a04f9b9f,BAJAJFINSV.NS,2024-03-28,ACCEPTED,36.804027417847216,1601.328797331872,1601.0136141740932,36.804027417847216,0.022388921108648437,0.020846554909005357,0.02178754630732843,1636.5999755859375,0.06911413860928842,5210310.0,1252641.85,1917363937.4624634
7cce7e4dceb1777b,BAJAJFINSV.NS,2024-04-05,SUPPRESSED_OPEN_POSITION,34.91609605612997,1611.2118769133167,1601.328797331872,34.91609605612997,0.020808782783863534,0.02133643427829725,0.022106248099836072,1674.0,0.09354582349373389,2364243.0,1530818.15,1957281634.3865356
957337714957a7bc,BAJAJFINSV.NS,2024-07-18,ACCEPTED,27.56449926826158,1591.0180062421273,1586.650198994254,27.56449926826158,0.01669311083619172,0.015530046798835186,0.019845904198397952,1622.0,0.039077514413837285,2999670.0,1688776.4,2100368976.6588745
d8c0a8aded158cc5,GRASIM.NS,2024-03-28,ACCEPTED,55.64456045545837,2162.7918573045627,2147.034921966942,55.64456045545837,0.024327617395001278,0.023598570611180803,0.024878379437257556,2270.550048828125,0.06668699833668741,1786120.0,867166.05,1695454842.0
e4d90644e5c0a240,GRASIM.NS,2024-04-23,SUPPRESSED_OPEN_POSITION,53.20475624281203,2215.4562857484357,2200.927634951488,53.20475624281203,0.02244784441279427,0.021832333829211355,0.023102515278458323,2323.75,0.09045049272641952,1823447.0,661554.05,1578797600.7930908
5fa1d09d77828553,JSWSTEEL.NS,2024-09-20,REJECTED_CASH,22.378828654098236,930.7273067413382,923.2632924702954,22.378828654098236,0.02279947932597646,0.022199625160242212,0.02249734407099417,978.5499877929688,0.07332453075667726,8035572.0,1852554.7,1617307646.1739502
63ddeb0e9e9e74ac,JSWSTEEL.NS,2024-09-24,ACCEPTED,22.0539398644951,934.9755718333304,926.6692292276737,22.0539398644951,0.022283459222471675,0.022013671871316663,0.022475209110364564,988.0,0.08368979573474257,5545642.0,2149779.15,1679765418.5698242
8b08214a6e81bc8f,COALINDIA.NS,2024-05-03,ACCEPTED,12.034626785923667,439.1217138151285,434.7901379263298,12.034626785923667,0.025357409673734347,0.0240793097457991,0.02739798412237493,463.45001220703125,0.08270067848053327,51071947.0,8554485.45,4462553703.326828
44fab2ecea5d2d76,COALINDIA.NS,2024-07-11,ACCEPTED,12.381775972123275,474.93385323579804,470.7123347029851,12.381775972123275,0.024761076441120907,0.024435887206033874,0.03408106918609219,496.95001220703125,0.07681476101198538,20146927.0,8787046.7,4320141369.356537
dbadd957d73bd18c,DRREDDY.NS,2024-06-27,ACCEPTED,25.03095360234915,1204.0024128801015,1200.730371667167,25.03095360234915,0.020070040029802023,0.01897990533438087,0.021588825432703858,1231.530029296875,0.09958038330078126,12168270.0,2706126.5,2582611880.108032
3bdf83cf2886c48d,DRREDDY.NS,2024-12-19,ACCEPTED,29.716655219670713,1265.9007216833181,1264.036941009377,29.716655219670713,0.022417513402967174,0.021491490759006842,0.024388206057790615,1281.0,0.09253731343283582,7185903.0,1974405.25,2121312101.027832
295782fb16841e27,CIPLA.NS,2024-01-02,ACCEPTED,22.693689717975268,1219.8359255112216,1211.7224377780858,22.693689717975268,0.017708001134038292,0.017445222655823264,0.019190027309592968,1267.5999755859375,0.06333361424899825,2589484.0,1713860.6,1712338954.6634521
b36343e756c29dba,CIPLA.NS,2024-01-10,SUPPRESSED_OPEN_POSITION,25.208756903366332,1236.1011392899993,1222.9854980172154,25.208756903366332,0.018965360991129512,0.01854080190182877,0.018751652597664564,1308.0,0.09722340977072469,3625567.0,1671220.7,1826753437.2515259
238bdca2ce125537,CIPLA.NS,2024-03-11,ACCEPTED,31.33122710406179,1398.3105726716328,1379.3153689808237,31.33122710406179,0.020830548243215275,0.02089042278729349,0.023378309806366515,1495.300048828125,0.06015817688940479,2183994.0,1386363.55,2025241143.4129028
b4bc829afae2af64,CIPLA.NS,2024-07-26,ACCEPTED,31.946446373766914,1490.5762790680137,1485.237392183901,31.946446373766914,0.020283458015090104,0.01780967745977138,0.01892757439758746,1531.949951171875,0.045485497934060204,4687416.0,1574632.6,2417003983.9055176
740b4a15d28c7433,INDUSINDBK.NS,2024-03-06,ACCEPTED,37.780544441280924,1519.0823491964143,1517.249712832832,37.780544441280924,0.024303202376637047,0.024971645352284202,0.027277819319322334,1547.0,0.0813266512427383,5167456.0,3109161.05,3955169479.8656006
9ed2f54215a1a938,BRITANNIA.NS,2024-07-09,ACCEPTED,106.37987505124845,5293.527613009581,5239.706079895772,106.37987505124845,0.01876568849390294,0.018688307933438827,0.02205107837924962,5615.9501953125,0.06970479910714286,389812.0,248843.8,1601161773.4970703
1f9a676f89303749,BRITANNIA.NS,2024-07-10,SUPPRESSED_OPEN_POSITION,108.14916271499855,5311.646130330284,5247.917610004026,108.14916271499855,0.018790413841422847,0.01876568849390294,0.021516978713523892,5705.0,0.08666666666666667,526095.0,253001.15,1634865718.5961914
89bb7256df203212,BRITANNIA.NS,2024-09-12,ACCEPTED,99.56929235074891,5753.299862875922,5703.329576585861,99.56929235074891,0.016298120448622812,0.016258229175385164,0.017570736534318905,6047.0498046875,0.08095955779697663,548745.0,239596.55,1317108253.7329102
32cddcecd1119cab,DIVISLAB.NS,2024-08-28,ACCEPTED,130.73702432241905,4674.880744961763,4618.899175046939,130.73702432241905,0.025987838520816056,0.024999310176540487,0.026128906010938174,5024.85009765625,0.0886785562476369,963990.0,599581.65,2245065503.935547
9e111af57a5da0a6,BAJAJ-AUTO.NS,2024-08-23,ACCEPTED,212.26221161374687,9579.613486303171,9496.26897921636,212.26221161374687,0.020397177484149074,0.018943469587765358,0.022475668885758956,10011.0,0.09159306509649984,1229549.0,256208.3,2761873442.189453
9c0f8a8e2914a8a4,EICHERMOT.NS,2024-09-27,ACCEPTED,98.94120110422782,4844.799758155452,4822.476616428315,98.94120110422782,0.01954355453634053,0.018999186188970226,0.019525714893013642,5062.2001953125,0.07950997257436622,1040624.0,498665.7,2161633820.3461914
ebf10ace9ab854cb,APOLLOHOSP.NS,2024-07-18,ACCEPTED,106.887184177607,6190.293650865424,6136.355595806084,106.887184177607,0.01639160271695631,0.016528626288399653,0.018077659262841973,6466.7001953125,0.06799342614574731,583444.0,334700.35,2396198384.245117
2081d096c2895e65,APOLLOHOSP.NS,2024-09-12,ACCEPTED,137.60826954614836,6653.621096820837,6591.7416294809655,137.60826954614836,0.019486288673151903,0.0192893298552012,0.02167594220690336,7044.0,0.09036028017491583,831152.0,426522.95,2284482004.5288086
5a7d59ae9613e7fb,APOLLOHOSP.NS,2024-09-27,SUPPRESSED_OPEN_POSITION,122.20702409908246,6812.854355969241,6735.160362552121,122.20702409908246,0.016893423292657236,0.016537502813562567,0.01938780926417655,7200.0,0.06037513819552421,772592.0,344930.45,2248295697.5874023
15626c57f7968b89,RELIANCE.NS,2025-10-20,ACCEPTED,20.802601520861355,1393.607132914308,1390.3693179738893,20.802601520861355,0.01418230217368839,0.012717522326554586,0.01284804352109492,1423.300048828125,0.048935089704000415,24721978.0,11172025.6,13559434095.8349
b8e6ae91a3f20e9c,RELIANCE.NS,2025-11-20,ACCEPTED,20.566129020478975,1453.5774377279802,1437.669528632663,20.566129020478975,0.01327617929417368,0.012961090372743348,0.014403172178006247,1527.800048828125,0.06023598114373699,18171724.0,9965191.4,13559434095.8349
b31db0ee4ad1dc5d,TCS.NS,2025-12-04,REJECTED_CASH,46.344087178230474,3094.7574796980866,3079.1982802053617,46.344087178230474,0.014351569391487271,0.014001384143571034,0.014810171416622636,3211.89990234375,0.08491805517437932,5025905.0,2828663.25,8293646061.279297
c861471fb0619646,HDFCBANK.NS,2025-03-25,ACCEPTED,13.990355138686416,860.3174779569508,853.4767546418698,13.990355138686416,0.015361778268664888,0.014873076611595927,0.016971047180271995,902.2000122070312,0.0862681662357964,39101416.0,21639845.2,17022218075.0
9b5e14aca9480e89,HDFCBANK.NS,2025-06-06,ACCEPTED,15.39667170732713,944.4159319830013,938.0647727625,15.39667170732713,0.015562411772647519,0.01489483897589547,0.01697983824922851,980.8499755859375,0.039696788427724325,30127008.0,19537166.1,19018358552.317627
971a14872b747f50,HDFCBANK.NS,2025-06-26,SUPPRESSED_OPEN_POSITION,14.214024358058138,958.9263908331296,952.4456261245818,14.214024358058138,0.01406076171211576,0.013630818763142245,0.014919114106507654,998.1500244140625,0.04666282059536621,50084830.0,19241447.2,18222119184.23584
27e68a6c076c3158,INFY.NS,2025-06-11,ACCEPTED,32.0178041615409,1572.8509677550683,1570.1350468931512,32.0178041615409,0.019629577978528996,0.019459671209830956,0.022861083438958686,1618.5999755859375,0.054050534852561304,10597410.0,6322958.7,12031095592.486572
e7311c29ace25965,INFY.NS,2025-11-12,ACCEPTED,27.442735365497633,1495.9686601992175,1492.9529954204895,27.442735365497633,0.017685594012407057,0.017859664592488937,0.01911576881313965,1546.0,0.07810320781032078,14635417.0,8313324.55,10751589082.030518
1720bc0486eed9bd,INFY.NS,2025-12-19,ACCEPTED,26.602974400538837,1552.0455749165278,1538.2753374734793,26.602974400538837,0.016234194906464963,0.016282161094279,0.017515429521812127,1631.800048828125,0.06940167948075598,13149023.0,7708734.55,11155268933.159363
5bb1d667f2de3b7a,INFY.NS,2025-12-22,SUPPRESSED_OPEN_POSITION,28.595619086214636,1557.4398651388576,1540.9625810560146,28.595619086214636,0.01692449070751078,0.016234194906464963,0.017477563292397198,1654.9000244140625,0.08454026996266371,23098923.0,7906870.6,11155268933.159363
b7e4dbe4e3e197c7,HUL.NS,2025-02-01,ACCEPTED,56.5612136846965,2421.279142155966,2418.495160318333,56.5612136846965,0.02256986595744389,0.019474016699737792,0.019514792295961838,2479.0,0.09989568630934263,2970999.0,1819910.65,3909987227.2302246
d33d014a3f06bac1,HUL.NS,2025-07-07,REJECTED_CASH,33.61436967536691,2329.803369327474,2328.5957197314024,33.61436967536691,0.013945557184383391,0.01296249913298317,0.01493562751231293,2402.89990234375,0.06384201279017168,2701583.0,1558118.05,3951809094.0845947
83800e58de468980,HUL.NS,2025-07-11,ACCEPTED,40.844495299843274,2345.7835255320624,2326.5137149186457,40.844495299843274,0.016210705555154213,0.014379890089726843,0.014493371260311926,2439.699951171875,0.0801345924260955,7242235.0,1487034.0,3802225212.6914062
4e88f123b9d35c94,SBIN.NS,2025-05-30,ACCEPTED,15.119340037349186,783.2952167878877,779.7777370291967,15.119340037349186,0.01861300044879806,0.01830783141458168,0.024515717734531654,809.4500122070312,0.07140967863273494,22037314.0,12613410.05,8688420592.515564
bc605ffe1c3f1f56,SBIN.NS,2025-07-16,SUPPRESSED_OPEN_POSITION,11.134975461198263,801.4088193517025,798.360006655443,11.134975461198263,0.013388211251374233,0.012906686074754497,0.015286286074860659,824.9000244140625,0.05526418259232397,16458920.0,9734296.85,9266866312.080566
3d35a9f8181c8cd2,SBIN.NS,2025-09-17,SUPPRESSED_OPEN_POSITION,10.429031107662107,813.8044066030153,809.6116567918154,10.429031107662107,0.012167101219872528,0.01099489025018169,0.011774701053013727,833.25,0.04351909830932999,17243938.0,5670770.7,5783933909.280731
2df17f12024e96e6,BAJFINANCE.NS,2025-01-02,ACCEPTED,16.806225121153798,692.6738605947621,691.119001585305,16.806225121153798,0.022744309952160587,0.020609964534120312,0.022243266021099013,725.739990234375,0.08858005338659358,31716510.0,9662351.0,5723069095.796509
c67c4ef69056cb6f,BAJFINANCE.NS,2025-03-21,ACCEPTED,21.663576832771657,816.6256919400508,804.7222277639871,21.663576832771657,0.024297144703050506,0.023251120989259372,0.024194366934761305,887.9000244140625,0.0813213876255899,27448010.0,10143236.5,7556376140.177612
9b0e781a3e28ddd6,BAJFINANCE.NS,2025-06-06,ACCEPTED,19.957601190774337,894.8937869042613,891.9503835910177,19.957601190774337,0.021296057910527716,0.01925284235954215,0.024732322558811415,933.6500244140625,0.08500874423481987,19783860.0,8187057.0,9309077411.106873
b10e82e5a461be86,BAJFINANCE.NS,2025-06-09,SUPPRESSED_OPEN_POSITION,21.50705563278376,897.4763834962511,892.7307597476813,21.50705563278376,0.02238569412727948,0.021296057910527716,0.024278619671436068,943.4000244140625,0.06894797740948826,23496010.0,8568683.0,9499265865.119934
74c38554fbfd37b9,BHARTIARTL.NS,2025-06-20,REJECTED_CASH,33.012344396836035,1829.8479511676846,1818.6219468243842,33.012344396836035,0.01704566800699336,0.015867088297844535,0.017420254634353524,1889.0,0.04077134986225895,16228526.0,6080824.8,10783133762.827393
98fc9c3a0c2eb8c2,BHARTIARTL.NS,2025-09-19,ACCEPTED,29.157625247289527,1908.6689664825565,1902.0203356596985,29.157625247289527,0.014858145579159108,0.014234861200031453,0.016120633230329407,1950.0999755859375,0.04283421154328208,11287603.0,4061497.75,8600542139.64746
b18b60296b5333e5,KOTAKBANK.NS,2025-03-21,ACCEPTED,7.374209984528298,385.06004378624345,380.5912496373616,7.374209984528298,0.017734993268446162,0.017140423807498476,0.01956364135637407,410.20001220703125,0.08295056108821053,94254040.0,18846700.75,7163356815.001068
185a6fe3bc987a55,KOTAKBANK.NS,2025-10-16,ACCEPTED,7.041576978430451,412.4325190868224,407.98083788172715,7.041576978430451,0.01596439918562656,0.015312701294164354,0.015441604677683407,433.17999267578125,0.09927421042368212,33692100.0,17937977.25,5404531531.2018585
870e3b1be736689d,ITC.NS,2025-01-02,ACCEPTED,8.146662092923844,459.9700403483944,458.9062840964812,8.146662092923844,0.01729969240037383,0.017602870769039745,0.020042786625635904,468.7952880859375,0.07793647034469935,27131131.0,15303732.8,5337248638.644104
e36c9616749b0b44,ITC.NS,2025-10-23,ACCEPTED,4.902362810626694,407.8611860511843,406.9431783870643,4.902362810626694,0.011785942220832622,0.011371809903569717,0.012566152616478605,414.8500061035156,0.047072168909320894,24305990.0,14354309.2,5269720294.219482
d6f3bcb83ac5ead7,ASIANPAINT.NS,2025-03-25,ACCEPTED,41.809317902415316,2284.646509579919,2280.052174477163,41.809317902415316,0.017938139183702805,0.018177708061068623,0.020468911182411353,2330.25,0.09671726085421814,1828005.0,1067072.25,2577881048.831543
2475676db227ce20,ASIANPAINT.NS,2025-08-18,ACCEPTED,48.542177392261365,2407.171360724565,2382.4665303991537,48.542177392261365,0.01876098756450068,0.018656300942287544,0.0192445310062703,2534.89990234375,0.09262926825161638,1755615.0,976753.3,2358898645.4210205
e1bd9a75cb9b239f,AXISBANK.NS,2025-09-16,ACCEPTED,16.660074999393277,1094.035389397243,1093.0179914701137,16.660074999393277,0.014859147096804824,0.014636633170823877,0.015481940394157265,1110.0,0.06474820143884892,7965606.0,5223354.75,6012026565.472473
da20d1067ed1656b,AXISBANK.NS,2025-09-19,SUPPRESSED_OPEN_POSITION,16.22820780966535,1098.3023682761398,1092.4583300333695,16.22820780966535,0.014286651519385638,0.014236873469707033,0.015207144194809882,1134.4000244140625,0.08815350063699041,8910732.0,5353761.3,6362678105.571777
66716c81837c4e30,LT.NS,2025-09-26,ACCEPTED,60.81787467308487,3605.86171942059,3591.3869330566886,60.81787467308487,0.016307246192005596,0.014795096886393161,0.015058627893695015,3709.199951171875,0.05482881759256675,5870301.0,1433317.05,4742413067.950562
bcb5b5326ef8bb4e,LT.NS,2025-10-23,REJECTED_CASH,56.89364497654395,3697.745666065262,3657.9474622618627,56.89364497654395,0.014518499932491664,0.014214824314487961,0.015636911971033767,3895.0,0.07799182238357119,2815778.0,1851833.6,5122041702.264038
c8b7d9612378d602,LT.NS,2025-10-28,ACCEPTED,55.92942044922953,3724.548384075609,3680.585375760671,55.92942044922953,0.014078085924744008,0.0140035351568216,0.015636911971033767,3966.199951171875,0.09715074721213693,3391806.0,1852522.65,5122041702.264038
bbbc8e0ac953ab80,HCLTECH.NS,2025-06-11,ACCEPTED,36.114726554060766,1620.336268843722,1610.8067876426721,36.114726554060766,0.02097376505140017,0.02057643444514924,0.025647651995551503,1702.5999755859375,0.060347529028286225,5085821.0,2179437.3,4250986072.4205933
d1de9e007e2607f3,HCLTECH.NS,2025-11-19,ACCEPTED,30.311086358269915,1524.6308191488913,1505.171464197599,30.311086358269915,0.018231136053991345,0.01656195486047932,0.018174722359283545,1607.699951171875,0.08555027087905132,6342672.0,2094473.85,3498830510.446106
9c891af5e91be99f,SUNPHARMA.NS,2025-11-27,ACCEPTED,24.485281802065394,1706.7673153519352,1688.073480677997,24.485281802065394,0.01352553783441349,0.0140640176927387,0.015424946883342741,1806.9000244140625,0.08392323000243701,2902053.0,1754483.7,3106263631.73761
d282a27c401e82e5,TATASTEEL.NS,2025-07-02,ACCEPTED,3.3479393766488825,154.09074374561425,152.42478799471084,3.3479393766488825,0.020182898951649212,0.019488441750778226,0.021085430852015828,163.3000030517578,0.09012015837767091,63315210.0,21945393.85,4220588755.0008316
d3a75970fba09efe,TATASTEEL.NS,2025-10-28,ACCEPTED,3.5175007546781907,169.31593161335576,167.80574626500618,3.5175007546781907,0.019347125031144507,0.01909143846942677,0.019339994538355054,177.89999389648438,0.07084806276851904,59511794.0,23779733.9,3356300057.5172195
9f2958f992d332ce,ULTRACEMCO.NS,2025-06-26,REJECTED_CASH,223.05181101035154,11467.418114414064,11428.265593760601,223.05181101035154,0.018663861686080793,0.018473374598567627,0.019997392327896046,11824.0,0.08278388278388278,506580.0,301020.0,3190648101.0
e6ded6f371db545a,ULTRACEMCO.NS,2025-06-27,REJECTED_CASH,230.61953879532643,11496.656619731159,11429.431648907246,230.61953879532643,0.018883119527988736,0.018663861686080793,0.019809533627485502,11986.0,0.09761904761904762,501287.0,308838.7,3190648101.0
c45f94eae1a5eedd,ULTRACEMCO.NS,2025-08-18,ACCEPTED,214.40102346448893,12151.941825860411,12081.019504101354,214.40102346448893,0.016796006538542022,0.015079935352032808,0.015799279467876647,12714.0,0.052919254658385095,808480.0,242142.0,2718663316.5
763b8920a558370e,WIPRO.NS,2025-12-03,ACCEPTED,3.928832371479931,246.22734060604427,245.18501410655188,3.928832371479931,0.01542593872479857,0.014772615187363336,0.015820933797755305,251.99000549316406,0.0677542605642545,17215454.0,8037227.05,1895600624.9254913
555032cc4432e794,WIPRO.NS,2025-12-22,ACCEPTED,4.098040628103322,252.51320166963802,249.85685284630932,4.098040628103322,0.015029304383664559,0.014172396308135795,0.01520256418607405,267.0,0.0942622950819672,14651313.0,8348483.45,1944604282.9179459
49ab32ffae16e80e,NTPC.NS,2025-09-24,ACCEPTED,5.013153461439242,335.6499858078054,334.4018531150559,5.013153461439242,0.014422190372304885,0.013912122575390224,0.016120228053166367,344.1000061035156,0.06318557884345873,14653575.0,8555713.3,2884670628.375
a65cc94bfa925285,NTPC.NS,2025-10-29,ACCEPTED,5.33923919821208,338.53533316682734,337.7223278009232,5.33923919821208,0.015364717117157064,0.014493097862624555,0.01561653335487366,345.20001220703125,0.042270529843002176,15423201.0,8648719.9,2844599652.7285614
29448b3ce34d2c84,ONGC.NS,2025-06-16,ACCEPTED,5.448894179165846,243.126319155835,241.63424801784583,5.448894179165846,0.021219260866267842,0.021499226074645102,0.024299118441626327,255.9499969482422,0.08683650508807723,41444122.0,12576335.35,2569821363.1310883
af35cc2c1c7c40ba,M&M.NS,2025-01-02,ACCEPTED,79.68238145957915,2985.9539246440845,2966.502830883666,79.68238145957915,0.024814667570699066,0.024196406997899916,0.026646179644932187,3115.0,0.0792176605774249,4298090.0,2596900.5,7917270195.361694
dd5981687a7860ed,M&M.NS,2025-06-20,REJECTED_CASH,75.32116361494766,2990.633806831646,2972.2779240167315,75.32116361494766,0.02365317357267551,0.02340890239156068,0.02474206949665778,3141.0,0.07128240109140518,8315834.0,2206126.85,7995805363.304565
7b409628f82e3aa0,M&M.NS,2025-08-18,ACCEPTED,75.24455595402502,3167.005361068839,3143.2971108308925,75.24455595402502,0.022241303473743822,0.020890919529749575,0.020976491203398492,3313.5,0.06314372634880315,5787481.0,2270316.85,6546668938.299927
16344e2a51072797,TECHM.NS,2025-06-11,ACCEPTED,33.90135286718706,1539.1980307426657,1527.1066935087556,33.90135286718706,0.020703116254770722,0.020543647803490432,0.02393404945149866,1636.4000244140625,0.06682312951859701,2660949.0,1628933.1,2840072646.157837
2c9c6cc3cdc36afc,TECHM.NS,2025-06-13,SUPPRESSED_OPEN_POSITION,36.88892172943201,1547.8599285681346,1530.1767679390405,36.88892172943201,0.02223563696771068,0.021146121713160288,0.0230440814443897,1658.0,0.08090486577398856,2511076.0,1611440.25,2912737008.0
3a8c766d7e880b20,TECHM.NS,2025-09-18,ACCEPTED,28.475692879741295,1523.3439023103297,1520.637598524654,28.475692879741295,0.018363122316617093,0.018572495054073962,0.020697612157309232,1549.4000244140625,0.061960263477767306,2246114.0,1419731.1,2383789036.5
d0b4b3c7d5e5979c,TITAN.NS,2025-06-25,REJECTED_CASH,69.84251225373684,3458.41239126407,3439.436990096293,69.84251225373684,0.019123408681752652,0.018299122377772065,0.019362563715835675,3605.0,0.0656222287910139,2697912.0,813719.1,2598539812.2089844
7c2cb81fcf8fca55,TITAN.NS,2025-06-26,REJECTED_CASH,68.88947566418422,3467.6785700839837,3442.023770968742,68.88947566418422,0.018645485851248634,0.019123408681752652,0.019298109927605174,3665.0,0.08335796630209873,1620497.0,926148.5,2598539812.2089844
cc0067e5ffd73008,TITAN.NS,2025-11-19,ACCEPTED,64.04408619465151,3678.247761385967,3635.393513468494,64.04408619465151,0.01628336035302423,0.016230886609683203,0.01710127145855583,3900.0,0.06345266219660253,1578123.0,879795.45,2787734897.2478027
c037518373f2377e,TITAN.NS,2025-12-26,REJECTED_CASH,59.21097889925483,3814.740039201065,3787.220465106991,59.21097889925483,0.014832409543901512,0.014207812007012608,0.015974558514554496,3961.89990234375,0.05622498063016529,1113050.0,654652.95,2735102747.098633
fcd9f3a3acb5a7f0,BAJAJFINSV.NS,2025-10-20,ACCEPTED,35.883984602967594,2024.4301487557418,2010.9386395612783,35.883984602967594,0.01676978399108818,0.016116883275086286,0.016257852348833146,2104.0,0.06910569105691057,1844869.0,937604.2,1832629754.0738525
74132c148a5ca355,ADANIENT.NS,2025-06-10,ACCEPTED,64.55496055068055,2444.6666514688814,2421.9516780064364,64.55496055068055,0.02470435809503868,0.024376980476898326,0.028690855967390072,2604.10009765625,0.08278590339137214,2084054.0,908946.45,2260266458.482666
04bd4b22fb5f5b50,ADANIENT.NS,2025-09-19,REJECTED_CASH,55.84132922479737,2390.3732286540508,2382.824566558312,55.84132922479737,0.02212413994643319,0.019367789955394964,0.02375105701151415,2438.0,0.08839285714285715,7965135.0,637415.1,1327741790.2458496
42a2104599589509,ADANIPORTS.NS,2025-09-19,REJECTED_CASH,26.153973593824208,1372.4128671034214,1363.9612728342631,26.153973593824208,0.018317672432698284,0.017366259480255213,0.020359039508060426,1423.0999755859375,0.09217189223786454,8069167.0,1690791.75,1777122824.625122
1c412c16e77d2466,ADANIPORTS.NS,2025-10-16,ACCEPTED,26.95292537510606,1397.1550364868576,1387.1120141868305,26.95292537510606,0.018217590655698588,0.017898039555674452,0.018650480740124983,1461.699951171875,0.06104818312744749,6512312.0,2352059.1,2132280882.6585693
bdae7711b05218eb,GRASIM.NS,2025-05-15,ACCEPTED,62.95207965808542,2632.4643783993456,2610.2780737587104,62.95207965808542,0.022285499352140425,0.021690585803056297,0.022497659787162727,2787.300048828125,0.061181735017549754,1353535.0,568934.45,1400395473.6889648
347bff61933c7b1d,GRASIM.NS,2025-06-24,ACCEPTED,57.17786655157749,2652.3034062205356,2637.5117782572074,57.17786655157749,0.02056092220485456,0.020401830287878068,0.022659408251897044,2742.0,0.09199522102747909,1562447.0,856242.9,1551701753.7780762
97c3ae1b0c134f4a,GRASIM.NS,2025-10-27,SUPPRESSED_OPEN_POSITION,50.913196665989524,2809.1211184945078,2795.241498662281,50.913196665989524,0.017412770055903193,0.016787678215977445,0.01717424807538706,2914.5,0.07924458433623403,764132.0,423015.7,1451093236.2493896
c8d57cf6996041c6,JSWSTEEL.NS,2025-02-07,ACCEPTED,22.907658937556977,937.9738128107236,934.8153104893629,22.907658937556977,0.023357286706660187,0.022994777083721524,0.02350132051600002,959.9000244140625,0.09079548228870739,2846285.0,1741671.9,1441720743.5100403
ce3e23f64ddd3d15,JSWSTEEL.NS,2025-03-19,ACCEPTED,22.26553172864236,972.1504059489646,963.396253341826,22.26553172864236,0.02154694174741447,0.020683446900799214,0.023141427184718663,1032.75,0.09802776397178165,2652155.0,1554364.3,1512262760.1435547
8d466548a5aa4df6,JSWSTEEL.NS,2025-06-26,ACCEPTED,22.253602810568633,1001.1503417944019,998.3121307873706,22.253602810568633,0.021552081505225803,0.0216401654545183,0.02444197656804297,1027.800048828125,0.06823262770693432,3892783.0,2048035.95,1606946791.3287964
c207d966953fd7b0,JSWSTEEL.NS,2025-07-02,SUPPRESSED_OPEN_POSITION,22.519978620589562,1006.1917851849922,999.8687210991479,22.519978620589562,0.021247266819376793,0.020917731942132676,0.022837608606544074,1045.699951171875,0.08683669348622984,3166924.0,2031383.85,1577321676.0
9e6d0e8f23250100,JSWSTEEL.NS,2025-09-08,SUPPRESSED_OPEN_POSITION,21.021189930535986,1045.7876755090133,1039.6411495092266,21.021189930535986,0.01908588111909578,0.01828610077123864,0.019995964728626036,1089.199951171875,0.06544063795142538,3219380.0,1583173.6,1478113821.9030762
1e667b7f6e75e879,JSWSTEEL.NS,2025-10-28,REJECTED_CASH,22.89668327817218,1120.6656709093356,1113.2837556080333,22.89668327817218,0.01933514965569269,0.018662741004932627,0.018677236512832204,1178.800048828125,0.05278208469545435,3451230.0,1509213.1,1588943276.6696777
9e6b5829a53904ff,HINDALCO.NS,2025-05-15,ACCEPTED,19.065500416042948,635.4371985438428,633.1676205793024,19.065500416042948,0.028828156225682855,0.029509583475097974,0.030248870495712312,654.25,0.08679401993355482,7133226.0,4411363.85,3411767328.55896
5b584c66b6160ccd,HINDALCO.NS,2025-06-26,REJECTED_CASH,14.486077888064719,647.8995749171083,643.1399708649627,14.486077888064719,0.02097607645551109,0.020865246896568435,0.02200602024573089,676.9500122070312,0.09538836926704086,8196123.0,5057546.45,3045663066.1989136
b9bd3856e4a57eca,HINDALCO.NS,2025-10-24,REJECTED_CASH,16.117061805701184,748.4567927431822,738.5774656691335,16.117061805701184,0.01954886477902551,0.018593841862357127,0.01911085699399597,799.8499755859375,0.09276584773073386,16905398.0,4348410.75,3021469359.8688354
9356edf598cf03db,HINDALCO.NS,2025-12-12,ACCEPTED,17.27402359064636,796.1915704824146,789.4284754898063,17.27402359064636,0.020272296779222487,0.019706557811003476,0.02154404163504794,833.5,0.07987306648194407,8178645.0,4331100.5,3607153790.369171
09dae3f8e3ac08cb,COALINDIA.NS,2025-12-23,ACCEPTED,5.514859573100089,383.515124249595,382.36207304290076,5.514859573100089,0.01377337576714811,0.012448697399326861,0.01364678455227154,387.3500061035156,0.048024890981816365,18487395.0,3631187.85,1695260012.8533783
fb63b0abe60419ae,DRREDDY.NS,2025-12-03,ACCEPTED,20.721354866909078,1249.754860836308,1246.2784808723288,20.721354866909078,0.016179710827620847,0.016063780613921063,0.017741973806974072,1278.300048828125,0.07132090273107271,4969448.0,1638910.4,1760286977.7971802
738b8af3f202ebd0,CIPLA.NS,2025-03-21,ACCEPTED,27.30257409154412,1467.4430767372573,1459.1908624627392,27.30257409154412,0.017916838618608745,0.0184841262948909,0.023480816336988425,1517.5999755859375,0.0923486088307803,2846648.0,1275060.55,1895756459.7990112
58e3c6a298fa1d32,CIPLA.NS,2025-10-20,ACCEPTED,29.279572028386987,1542.6577781217666,1534.172664028066,29.279572028386987,0.017863200820267395,0.016603311225081963,0.01761000347758009,1584.9000244140625,0.07436285037499055,3372906.0,1291269.9,1727559302.1811523
5ae99e5ad5b4823e,INDUSINDBK.NS,2025-06-27,REJECTED_CASH,23.962772840463007,820.91760422029,816.8208192797474,23.962772840463007,0.02793840795081962,0.026310694167705758,0.029665684864152893,857.3499755859375,0.07417145819839427,12647856.0,6265171.9,6453985124.833862
c571eeefdb7451b6,INDUSINDBK.NS,2025-10-28,REJECTED_CASH,18.313778321363365,761.5910894006123,759.8760298676498,18.313778321363365,0.022899378957628464,0.022425404508572732,0.022561753418785174,772.0,0.08640589153332583,8948361.0,5853823.25,2213335918.583435
c895f93df6bbfe49,BRITANNIA.NS,2025-06-26,REJECTED_CASH,105.49951676528504,5476.163741719629,5433.925325241201,105.49951676528504,0.018102182011888304,0.01812561633758275,0.019388200293535787,5734.5,0.05705069124423963,456290.0,271762.0,1486365976.0874023
d7eb87b4a6a0678c,BAJAJ-AUTO.NS,2025-12-30,ACCEPTED,148.06818364033475,8991.36266085177,8957.823825886457,148.06818364033475,0.015952185266142508,0.015232704124782542,0.016069766253290516,9194.5,0.0526044647967945,464922.0,296803.7,2848741199.5
af40f06fa7001f19,EICHERMOT.NS,2025-01-02,ACCEPTED,125.01231639625233,4841.000012442578,4815.33797029966,125.01231639625233,0.02355123567685744,0.020271528573447353,0.021138089000211253,4954.9501953125,0.060199865580571055,2863478.0,350601.7,1929542565.2402344
6caa12e3ec0b761e,EICHERMOT.NS,2025-06-19,ACCEPTED,104.06780582048177,5371.907017476071,5368.931552167045,104.06780582048177,0.018943807376077502,0.019162294163185108,0.021485834589613506,5473.0,0.048567870485678705,923400.0,465517.45,2440815380.25
c97c33523b4a6f08,EICHERMOT.NS,2025-06-20,SUPPRESSED_OPEN_POSITION,100.0986768333045,5377.910663849559,5366.973452082064,100.0986768333045,0.01811740757163882,0.018943807376077502,0.021086429987167133,5506.5,0.05498610978063033,776879.0,488600.65,2440815380.25
9f519575350be9e6,EICHERMOT.NS,2025-08-18,ACCEPTED,104.30235547328982,5572.399006100893,5533.3499998086945,104.30235547328982,0.017642482319568643,0.01601095628871587,0.01635254939947918,5785.5,0.08079581543059966,1288582.0,398079.55,2070835005.5
2b2d35862180bad8,HEROMOTOCO.NS,2025-07-15,ACCEPTED,96.72600282636817,4229.686988751882,4210.302383127828,96.72600282636817,0.02171665981732559,0.020640869126977223,0.022134000070120313,4432.0,0.057756563245823386,1756329.0,532629.0,2347795103.01709
3ed744470af1d6c2,APOLLOHOSP.NS,2025-07-01,ACCEPTED,136.55266562842047,6977.640317463523,6918.126934422391,136.55266562842047,0.018216737677217244,0.016668125239499145,0.017688488994201806,7336.5,0.0833579444772593,1872535.0,413463.8,2567629566.75
d57e248a7dc67a8e,APOLLOHOSP.NS,2025-10-17,ACCEPTED,122.04798616974503,7641.272105196607,7605.578101969414,122.04798616974503,0.015446179354520664,0.014849161700747092,0.015319917745183211,7886.0,0.0716129908955021,610960.0,292292.15,2413714168.5
6be04ed70cc82889,TATACONSUM.NS,2025-04-02,ACCEPTED,26.38338348600556,980.3438989673157,976.031297989409,26.38338348600556,0.024826747622329063,0.022363109823440537,0.023221515998875404,1015.0,0.09128053611718226,8717812.0,1745330.0,1527225116.212677
e8129e7aba58df62,TATACONSUM.NS,2025-06-26,REJECTED_CASH,22.50669638428664,1101.6924482200914,1097.9250650263807,22.50669638428664,0.019649638470891514,0.019406174670760386,0.02065854808214427,1133.9000244140625,0.07072712409259915,2236678.0,1113666.3,1242019501.5031128
5a890056f23460eb,TATACONSUM.NS,2025-09-17,ACCEPTED,22.738898547974916,1085.6937396997666,1080.6536720615247,22.738898547974916,0.020011350497983096,0.019133533312821166,0.019969286804474563,1126.0,0.06709633444305649,3361334.0,1001520.75,982765346.3375854
111557031f2106a1,TATACONSUM.NS,2025-10-17,SUPPRESSED_OPEN_POSITION,22.430682724391442,1111.2414625068159,1106.1758562328241,22.430682724391442,0.01923729221645921,0.01894327290303407,0.01936336253821415,1154.199951171875,0.0464188133924524,2001759.0,1161309.75,1144790838.9921265
207c5e1db05d6983,TATACONSUM.NS,2025-11-03,ACCEPTED,23.711832023131347,1131.536904509132,1121.3841342561207,23.711832023131347,0.019801112336644132,0.01890825689452551,0.019102847160489465,1191.199951171875,0.07470220582283307,2595111.0,1162130.4,1122795402.2098389
d6d41faa1dc5849b,TATACONSUM.NS,2025-12-29,SUPPRESSED_OPEN_POSITION,20.454593464651218,1160.131505959564,1155.048195915369,20.454593464651218,0.017113951054462315,0.01674709631064541,0.020287729597156197,1189.5,0.050887864955877715,1806020.0,735253.25,1198874181.0476685
df3f24dc022c67bf,UPL.NS,2025-03-21,ACCEPTED,17.918777162052713,608.6613411203022,601.3788307631395,17.918777162052713,0.027197052175826433,0.026782207905773448,0.03032631935810265,658.25,0.09717474223977604,5231169.0,1944801.3,1058760439.498352
750a6181eea0bcb3,UPL.NS,2025-07-01,ACCEPTED,13.705980538926728,642.7519549667242,640.3914039379317,13.705980538926728,0.020424678918488072,0.02048378534267913,0.02119068928083506,664.5,0.0665275869017504,3182249.0,1710761.2,1121758779.6230469
8211bd35dede1aba,UPL.NS,2025-07-03,SUPPRESSED_OPEN_POSITION,13.794953541755541,645.5019026366464,640.6272057098282,13.794953541755541,0.02016363816338408,0.02006750782512714,0.020970945584335543,676.0,0.08498517493691989,3054421.0,1783956.2,1113517474.1328735
016b0bccebd730d5,UPL.NS,2025-11-03,ACCEPTED,14.77223341721931,689.1133756812297,682.4100424943299,14.77223341721931,0.020219318246448136,0.020415034462459288,0.021065845478125175,729.4000244140625,0.09741969099765226,2805423.0,1792323.5,1288579177.5247498
ce51a6180165c2d8,UPL.NS,2025-12-22,ACCEPTED,16.422045373168725,735.7269439865327,731.6321995501346,16.422045373168725,0.021147441415641236,0.020722161512951167,0.02082039497512852,769.5499877929688,0.05475604926514372,3673981.0,2407823.45,1302745906.2123413
c922c6c139414022,UPL.NS,2025-12-30,SUPPRESSED_OPEN_POSITION,16.078423320816693,743.2646314007977,735.7269439865327,16.078423320816693,0.0204209358219022,0.020089891423003645,0.020663192410223626,786.2999877929688,0.07771383512108235,8329037.0,2492301.65,1293153690.8039856
